Judul,Kategori,Author,Tanggal,Highlight,Link
Infografis Proyek Investor Asing Mulai Masuk IKN Nusantara dan Peletakan Batu Pertama,Infografis,Anri Syaiful,Tidak dicantumkan,"Menjelang akhir jabatan, Presiden Jokowi memimpin groundbreaking atau peletakan batu pertama terhadap 5 proyek di IKN Nusantara. Menurut Jokowi, 3 dari 5 penanaman modal dari investor asing dan terafiliasi asing. Sedangkan 2 proyek dari perusahaan swasta nasional.",https://www.liputan6.com/news/read/5713332/infografis-proyek-investor-asing-mulai-masuk-ikn-nusantara-dan-peletakan-batu-pertama
Redupnya Pamor Factory Outlet yang Pernah Berjaya Menarik Wisatawan,Travel,Dinny Mutiah,"29 Sep 2024, 08:30 WIB",Banyak factory outlet yang pernah menjadi destinasi wisata utama di Bandung dan sekitarnya kini tutup. Yang bertahan pun sudah tak fokus lagi hanya menjadi factory outlet.,https://www.liputan6.com/lifestyle/read/5713982/redupnya-pamor-factory-outlet-yang-pernah-berjaya-menarik-wisatawan
Prediksi Liga Inggris Manchester United vs Tottenham Hotspur: Sama-Sama Butuh Menang,Liga Inggris,Harley Ikhsan,"29 Sep 2024, 08:30 WIB","Manchester United menjamu Tottenham Hotspur pada lanjutan Liga Inggris 2024/2025 di Old Trafford, Minggu (29/9/2024) pukul 22.30 WIB. Pertandingan bisa disaksikan langsung melalui Vidio.",https://www.liputan6.com/bola/read/5713981/prediksi-liga-inggris-manchester-united-vs-tottenham-hotspur-sama-sama-butuh-menang
"Nasihat Syekh Ali Jaber, Cara Efektif Redakan Kemarahan",Islami,Liputan6.com,"29 Sep 2024, 08:30 WIB",Syekh Ali Jaber menyarankan agar orang-orang yang mudah marah untuk tidak berbicara sama sekali saat emosi sedang memuncak.,https://www.liputan6.com/islami/read/5713878/nasihat-syekh-ali-jaber-cara-efektif-redakan-kemarahan
Harga Kripto Hari Ini 29 September 2024: Bitcoin Masih Parkir di Zona Hijau,Crypto,Gagas Yoga Pratomo,"29 Sep 2024, 08:28 WIB","Harga kripto jajaran teratas bergerak di zona merah pada Minggu, 29 September 2024. Di sisi lain, harga bitcoin menguat 0,2 persen.",https://www.liputan6.com/crypto/read/5714168/harga-kripto-hari-ini-29-september-2024-bitcoin-masih-parkir-di-zona-hijau
"5 Zodiak yang Sering Merasa Paling Tersakiti, Kamu Termasuk?",Hot,Ricka Milla Suatin,"29 Sep 2024, 08:27 WIB","Ternyata, berdasarkan zodiak, ada beberapa karakter yang lebih sensitif dan cenderung merasa lebih tersakiti.",https://www.liputan6.com/hot/read/5713443/5-zodiak-yang-sering-merasa-paling-tersakiti-kamu-termasuk
Cuaca Besok Senin 30 September 2024: Langit Pagi Jakarta Seluruhnya Berawan Tebal,Peristiwa,Nasrul Faiz,"29 Sep 2024, 08:20 WIB","Pagi hari di Jakarta besok, Senin, 30 September 2024, seluruh langitnya diprakirakan berawan tebal, tanpa terkecuali. Demikianlah prediksi cuaca besok.",https://www.liputan6.com/news/read/5714160/cuaca-besok-senin-30-september-2024-langit-pagi-jakarta-seluruhnya-berawan-tebal
"Gedung Bakamla RI Kebakaran, 19 Mobil Damkar dan 95 Personel Dikerahkan",Peristiwa,Nanda Perdana Putra,"29 Sep 2024, 08:04 WIB","Kebakaran melanda Gedung Bakamla RI di Jalan Proklamasi, Pegangsaan, Menteng, Jakarta Pusat, pada Minggu (29/9/2024) pagi. Sebanyak 19 unit mobil pemadam kebakaran dan 95 personel dikerahkan untuk menangani insiden ini.",https://www.liputan6.com/news/read/5714178/gedung-bakamla-ri-kebakaran-19-mobil-damkar-dan-95-personel-dikerahkan
4 Zodiak yang Bergulat dengan Keraguan Diri dalam Hubungan,Citizen6,Yulia Lisnawati,"29 Sep 2024, 08:03 WIB","Bagi beberapa zodiak, keraguan diri dalam hubungan seringkali menjadi tantangan yang harus dihadapi.",https://www.liputan6.com/citizen6/read/5713871/4-zodiak-yang-bergulat-dengan-keraguan-diri-dalam-hubungan
"Tanggapi Gerakan Coblos 3 Paslon, KPU Minta Pemilih Bijak Gunakan Hak Pilihnya",Pemilu,Muhammad Radityo Priyasmoro,"29 Sep 2024, 08:02 WIB","Komisioner KPU Jakarta, Dodi Wijaya mengajak semua elemen masyarakat untuk ikut terlibat aktif mensukseskan Pilkada 2024.",https://www.liputan6.com/pemilu/read/5714170/tanggapi-gerakan-coblos-3-paslon-kpu-minta-pemilih-bijak-gunakan-hak-pilihnya
Megawati Berharap Agar TIM Terus Dikembangkan Sebagai Pusat Kebudayaan,Politik,Putu Merta Surya Putra,"29 Sep 2024, 08:00 WIB",Pesiden Kelima RI Megawati Soekarnoputri mendorong agar kompleks Taman Ismail Marzuki (TIM) terus dikembangkan sebagai pusat seni budaya dalam rangka melestarikan budaya Nusantara.,https://www.liputan6.com/news/read/5714131/megawati-berharap-agar-tim-terus-dikembangkan-sebagai-pusat-kebudayaan
Top 3: Ketua Kadin Diumumkan Senin 30 September 2024?,Ekonomi,Septian Deny,"29 Sep 2024, 08:00 WIB","Artikel Anindya Bakrie dan Arsjad Rasjid Bertemu, Nasib Ketua Kadin Diumumkan Senin 30 September 2024 ini menyita perhatian pembaca di Kanal Bisnis Liputan6.com.",https://www.liputan6.com/bisnis/read/5713985/top-3-ketua-kadin-diumumkan-senin-30-september-2024
Prediksi Timnas Indonesia vs Yaman di Kualifikasi Piala Asia U-20 2025: Tembok Terakhir Ga...,Liga Indonesia,Theresia Melinda Indrasari,"29 Sep 2024, 08:00 WIB","Timnas Indonesia U-20 bakal menantang Yaman dalam laga ketiga Grup F Kualifikasi Piala Asia U-20 2025 di Stadion Madya Gelora Bung Karno (GBK) Senayan, Minggu (29/9/2024) pukul 19.30 WIB.",https://www.liputan6.com/bola/read/5713849/prediksi-timnas-indonesia-vs-yaman-di-kualifikasi-piala-asia-u-20-2025-tembok-terakhir-garuda-muda
"ChatGPT Kini Bisa Diajak Ngobrol, Fitur Baru untuk Pengguna Premium",Apps,Dinda Ariyani,"29 Sep 2024, 08:00 WIB",OpenAI telah meluncurkan fitur suara interaktif bagi pengguna ChatGPT premium untuk menikmati pengalaman percakapan lebih natural dan imersif.,https://www.liputan6.com/tekno/read/5711861/chatgpt-kini-bisa-diajak-ngobrol-fitur-baru-untuk-pengguna-premium
"6 Resep Kue Sagon yang Gurih dan Manis, Camilan Jadul dari Kelapa",Hot,Ayu Rifka Sitoresmi,"29 Sep 2024, 08:00 WIB",Kue sagon merupakan salah satu kudapan tradisional Indonesia yang telah lama dikenal dan disukai oleh berbagai kalangan.,https://www.liputan6.com/hot/read/5711977/6-resep-kue-sagon-yang-gurih-dan-manis-camilan-jadul-dari-kelapa
Gatal di Kemaluan Tanda Diabetes? Waspadai Gejala Ini Sebelum Terlambat!,Health Info,Aditya Eka Prawira,"29 Sep 2024, 08:00 WIB",Waspada! Gatal di Kemaluan Bisa Jadi Tanda Awal Diabetes! Jangan anggap remeh gejala ini.,https://www.liputan6.com/health/read/5713845/gatal-di-kemaluan-tanda-diabetes-waspadai-gejala-ini-sebelum-terlambat
"Parade 7 Anime Anyar di Vidio, Ada Haikyuu!! Sampai Detective Conan Episode 1.066 ke Atas",Film,Ratnaning Asih,"29 Sep 2024, 08:00 WIB",Berikut link nonton anime terbaru yang tayang di Vidio.,https://www.liputan6.com/showbiz/read/5713667/parade-7-anime-anyar-di-vidio-ada-haikyuu-sampai-detective-conan-episode-1066-ke-atas
"Gedung Bakamla RI Kebakaran, Api Meluas di Bagian Atap",Peristiwa,Nanda Perdana Putra,"29 Sep 2024, 07:31 WIB","Kepala Dinas Gulkarmat DKI Jakarta Satriadi Gunawan menyampaikan, peristiwa itu terjadi sekitar pukul 06.20 WIB pagi ini, Minggu (29/9/2024).",https://www.liputan6.com/news/read/5714166/gedung-bakamla-ri-kebakaran-api-meluas-di-bagian-atap
"Gandeng Korea Selatan dan Belanda, Indonesia Susun Strategi Pembangunan Berkelanjutan Pant...",Ekonomi,Agustina Melani,"29 Sep 2024, 07:30 WIB",Pemerintah Indonesia berkomitmen untuk melindungi dan mengelola keberlanjutan Pantura Jawa.,https://www.liputan6.com/bisnis/read/5714159/gandeng-korea-selatan-dan-belanda-indonesia-susun-strategi-pembangunan-berkelanjutan-pantura-jawa
Bisakah Manusia Tetap Dicintai Allah meskipun Sering Berbuat Dosa?,Islami,Putry Damayanty,"29 Sep 2024, 07:30 WIB","Tidak ada manusia yang bebas dari dosa, namun Allah sungguh mencintai orang-orang yang mau kembali kepada-Nya dengan bertaubat.",https://www.liputan6.com/islami/read/5713687/bisakah-manusia-tetap-dicintai-allah-meskipun-sering-berbuat-dosa
"7 Ramalan Asmara Shio Babi Tahun 2024, Bersiaplah Temukan Cinta di Tempat Tak Terduga!",Hot,Ricka Milla Suatin,"29 Sep 2024, 07:28 WIB","Tahun 2024 diprediksi akan menjadi tahun penuh kejutan dan perubahan bagi mereka yang ber-Shio Babi, terutama dalam hal percintaan.",https://www.liputan6.com/hot/read/5713454/7-ramalan-asmara-shio-babi-tahun-2024-bersiaplah-temukan-cinta-di-tempat-tak-terduga
Kapolri Pimpin Pelantikan Sejumlah Kapolda dan Kukuhkan 2 Jabatan Baru di Polri,Peristiwa,Tim News,"29 Sep 2024, 07:21 WIB","Sigit melantik dua pejabat baru, yakni Komjen Pol Verdianto Iskandar Bitticaca sebagai Astamaops dan Komjen Pol Wahyu Hadiningrat sebagai Astamarena.",https://www.liputan6.com/news/read/5714146/kapolri-pimpin-pelantikan-sejumlah-kapolda-dan-kukuhkan-2-jabatan-baru-di-polri
"Akhir Pekan Minggu 29 September 2024, Tak Ada Aturan Ganjil Genap di Jakarta",Peristiwa,Nasrul Faiz,"29 Sep 2024, 07:00 WIB","Kebijakan ganjil genap di Jakarta memang tidak berlaku pada akhir pekan, yaitu Sabtu dan Minggu, serta pada hari libur nasional dan tanggal merah.",https://www.liputan6.com/news/read/5714148/akhir-pekan-minggu-29-september-2024-tak-ada-aturan-ganjil-genap-di-jakarta
"7 Potret Angga Yunanda dan Shenina Cinnamon Pacaran Sambil Kerja, Bak Prewed",Hot,Ibrahim Hasan,"29 Sep 2024, 07:00 WIB",Angga Yunanda dan Shenina Cinnamon diduga prewedding.,https://www.liputan6.com/hot/read/5713631/7-potret-angga-yunanda-dan-shenina-cinnamon-pacaran-sambil-kerja-bak-prewed
Luca Marini dan Joan Mir Puji Perkembangan Pembalap Muda Indonesia,Sports,Thomas,"29 Sep 2024, 07:00 WIB",Dua pembalap MotoGP memuji perkembangan para pembalap muda Indonesia dan berharap mereka bisa berkembang hingga menembus kelas para raja.,https://www.liputan6.com/bola/read/5713957/luca-marini-dan-joan-mir-puji-perkembangan-pembalap-muda-indonesia
Review: Manisnya Parfum Lokal PERFUME REPUBLIC Beraroma Permen YUPI,Lifestyle,Asnida Riani,"29 Sep 2024, 07:00 WIB",Dua varian parfum PERFUME REPUBLIC X YUPI diformulasikan untuk menghadirkan kembali kenangan masa kecil yang indah dan penuh kegembiraan.,https://www.liputan6.com/lifestyle/read/5713585/review-manisnya-parfum-lokal-perfume-republic-beraroma-permen-yupi
"Link Nonton Drakor Iron Family yang Tayang Tiap Minggu dan Senin di Vidio, Geum Sae Rok Ja...",K-Pop,Ratnaning Asih,"29 Sep 2024, 07:00 WIB",Iron Family akan mulai tayang di Vidio pada 29 September mendatang.,https://www.liputan6.com/showbiz/read/5713064/link-nonton-drakor-iron-family-yang-tayang-tiap-minggu-dan-senin-di-vidio-geum-sae-rok-jadi-penerus-usaha-laundry
"Hari Hak untuk Tahun Sedunia, Komisi Informasi Pusat Gelar Fun Walk di CFD Sudirman-Thamri...",Peristiwa,Nanda Perdana Putra,"29 Sep 2024, 06:46 WIB","Komisi Informasi Pusat memperingati Hari Hak Untuk Tahu Sedunia dengan menggelar  fun walk di car free day (CFD) Jalan Sudirman-Thamrin, Jakarta.",https://www.liputan6.com/news/read/5714153/hari-hak-untuk-tahun-sedunia-komisi-informasi-pusat-gelar-fun-walk-di-cfd-sudirman-thamrin
"Top 3 Islami: Amalan Pendek agar Rezeki Lancar dan Dijawab Malaikat dari Gus Baha, Doa Sub...",Islami,Muhamad Ridlo,"29 Sep 2024, 06:30 WIB","Top 3 Islami: Amalan Pendek dan Mudah agar Rezeki Mengalir Deras dari Gus Baha, Doa Subuh supaya Semangat Beraktivitas",https://www.liputan6.com/islami/read/5713905/top-3-islami-amalan-pendek-agar-rezeki-lancar-dan-dijawab-malaikat-dari-gus-baha-doa-subuh-supaya-semangat-beraktivitas
"5 Zodiak yang Terkenal Sangat Hemat, Bahkan untuk Keperluan Pribadi",Hot,Ricka Milla Suatin,"29 Sep 2024, 06:28 WIB","Jika dikaitkan dengan kepribadian astrologi, ada lima zodiak yang dikenal sangat hemat dalam membelanjakan uang, bahkan untuk kebutuhan pribadi mereka.",https://www.liputan6.com/hot/read/5713442/5-zodiak-yang-terkenal-sangat-hemat-bahkan-untuk-keperluan-pribadi
Cuaca Hari Ini Minggu 29 September 2024: Langit Pagi Jakarta Seluruhnya Cerah Berawan,Peristiwa,Arviola Marchsyalina Syurgandari,"29 Sep 2024, 06:15 WIB","Pada akhir pekan ini, Minggu (29/9/2024), cuaca pagi di wilayah Jakarta dan Kepulauan Seribu, diperkirakan akan didominasi oleh langit cerah berawan. Demikianlah prakiraan cuaca hari ini.",https://www.liputan6.com/news/read/5713884/cuaca-hari-ini-minggu-29-september-2024-langit-pagi-jakarta-seluruhnya-cerah-berawan
"Posisi 3 di Sprint Race MotoGP Indonesia 2024, Marc Marquez Dapat Tambahan Poin Penting",Oto News,Septian Pamungkas,"29 Sep 2024, 06:08 WIB","Start dari posisi 12, Marc Marquez mampu menuntaskan balapan di posisi tiga (3) di MotoGP Indonesia 2024.",https://www.liputan6.com/otomotif/read/5714000/posisi-3-di-sprint-race-motogp-indonesia-2024-marc-marquez-dapat-tambahan-poin-penting
Momen Pramono Anung Dicurhati Warga Jakarta Saat Blusukan di Rusun Tanah Tinggi,Pemilu,Putu Merta Surya Putra,"29 Sep 2024, 06:00 WIB","Calon Gubernur Jakarta Pramono Anung menyempatkan blusukan dan menemui warga di Rumah Susun (Rusun) Tanah Tinggi, Jakarta, Sabtu (28/9/2024).",https://www.liputan6.com/pemilu/read/5714132/momen-pramono-anung-dicurhati-warga-jakarta-saat-blusukan-di-rusun-tanah-tinggi
Saham Trump Media Naik 5% Usai Para Pendiri Lakukan Aksi Jual,Saham,Pipit Ika Ramadhani,"29 Sep 2024, 06:00 WIB","Saham Trump Media (Nasdaq:DJT) ditutup naik 5,58% pada hari Jumat waktu setempat, mengakhiri pekan ini pada posisi 14,76 per saham. Kenaikan terjadi setelah pemegang saham utama United Atlantic Ventures (UAV), LLC, menjual hampir 11 juta saham di perusahaan tersebut pada hari Kamis.",https://www.liputan6.com/saham/read/5713962/saham-trump-media-naik-5-usai-para-pendiri-lakukan-aksi-jual
Harga Bitcoin Tunjukan Korelasi Positif 30 Hari dengan Neraca Keuangan Bank Sentral China,Crypto,Maulandy Rizky Bayu Kencana,"29 Sep 2024, 06:00 WIB","Harga Bitcoin (BTC) terlihat selalu mengikuti pertumbuhan neraca bank sentral China selama 8 tahun terakhir, mempertahankan korelasi positif 30 hari yang signifikan.",https://www.liputan6.com/crypto/read/5713524/harga-bitcoin-tunjukan-korelasi-positif-30-hari-dengan-neraca-keuangan-bank-sentral-china
"Manchester United Pernah Tawar Wonderkid Barcelona Rp1,6 Triliun, Beruntung Ditolak",Liga Spanyol,Rahmat Fathurahman,"29 Sep 2024, 06:00 WIB","Manchester United dikabarkan pernah mengajukan tawaran senilai sekitar 84 juta poundsterling atau sekitar Rp1,6 triliun yang memboyong wonderkid Barcelona, Ansu Fati, pada 2020.",https://www.liputan6.com/bola/read/5712184/manchester-united-pernah-tawar-wonderkid-barcelona-rp16-triliun-beruntung-ditolak
"Mengintip Daya Tarik Wisata Kajer Asri, Tempat Rekreasi Menarik di Jember",Regional,Natasa Kumalasah Putri,"29 Sep 2024, 06:00 WIB","Wisata Kajer Asri merupakan spot rekreasi yang cukup populer di Jember. Tempat ini sering dikunjungi sebagai tempat berkumpul atau berkegiatan anak sekolah, komunitas, hingga keluarga.",https://www.liputan6.com/regional/read/5711736/mengintip-daya-tarik-wisata-kajer-asri-tempat-rekreasi-menarik-di-jember
Apakah Gatal di Kemaluan Tanda Diabetes? Simak Faktanya di Sini!,Health Info,Aditya Eka Prawira,"29 Sep 2024, 06:00 WIB",Gatal di Kemaluan? Waspada! Bisa jadi tanda infeksi jamur atau bahkan diabetes tipe 2. Kenali gejalanya sebelum terlambat!,https://www.liputan6.com/health/read/5713825/apakah-gatal-di-kemaluan-tanda-diabetes-simak-faktanya-di-sini
29 September 1979: Paus Yohanes Paulus II Serukan Perdamaian di Irlandia,Histori,Teddy Tri Setio Berty,"29 Sep 2024, 06:00 WIB","Dalam kunjungannya ke Irlandia, Paus Yohanes Paulus II menyerukan pesan perdamaian. Ia sampaikan hal itu ke hadapan 300 ribu orang.",https://www.liputan6.com/global/read/5713787/29-september-1979-paus-yohanes-paulus-ii-serukan-perdamaian-di-irlandia
"3 Resep Praktis Siomai Kriwil, Camilan Lezat Favorit dengan Tekstur Kenyal",Culinary,Dyah Ayu Pamela,"29 Sep 2024, 06:00 WIB","Bentuk siomai kriwil terbilang unik dan menciptakan sensasi tersendiri. Apalagi dengan tekstur kenyal dan aroma ikan tenggiri yang menggoda, menjadikan camilan ini jadi favorit.",https://www.liputan6.com/lifestyle/read/5713746/3-resep-praktis-siomai-kriwil-camilan-lezat-favorit-dengan-tekstur-kenyal
"Kisah Nabi Khidir Menolak Nabi Musa sebagai Murid, Kenapa?",Islami,Putry Damayanty,"29 Sep 2024, 05:30 WIB",Mengambil hikmah dari kisah Nabi Musa yang ingin berguru pada Nabi Khidir. Kisah ini sangat menarik dan mengandung banyak pelajaran.,https://www.liputan6.com/islami/read/5713896/kisah-nabi-khidir-menolak-nabi-musa-sebagai-murid-kenapa
LRT Jakarta Velodrome-Rawamangun Siap Uji Coba Jalur pada Senin 30 September,Megapolitan,Muhammad Ali,"29 Sep 2024, 05:26 WIB","Dian menyatakan, proyek pembangunan LRT Jakarta Fase 1B terus menunjukkan perkembangan signifikan. Hingga pekan ketiga September 2024, konstruksi berhasil mencapai 29, 17 persen.",https://www.liputan6.com/news/read/5713895/lrt-jakarta-velodrome-rawamangun-siap-uji-coba-jalur-pada-senin-30-september
Wamenaker Menilai Peningkatan SDM Diperlukan untuk Memperluas Kesempatan Kerja,Peristiwa,Tim News,"29 Sep 2024, 05:11 WIB","Menurut Afriansyah, bonus demografi yang dihadapi Indonesia harus dimanfaatkan untuk memperkuat SDM yang ada sehingga mereka bisa mengikuti program pemerintah terkait perluasan kesempatan kerja ke luar negeri.",https://www.liputan6.com/news/read/5714179/wamenaker-menilai-peningkatan-sdm-diperlukan-untuk-memperluas-kesempatan-kerja
"Mengintip Studio Alam Gamplong, Wisata Menarik yang Sering Jadi Lokasi Syuting di Jogja",Regional,Natasa Kumalasah Putri,"29 Sep 2024, 05:00 WIB",Studio Alam Gamplong dikenal sebagai destinasi wisata menarik untuk dikunjungi bersama keluarga. Tempat ini juga dikenal dengan sejumlah bangunan unik yang biasa jadi lokasi syuting film Indonesia.,https://www.liputan6.com/regional/read/5713220/mengintip-studio-alam-gamplong-wisata-menarik-yang-sering-jadi-lokasi-syuting-di-jogja
"Meriahkan MotoGP Mandalika 2024, Pecinta Motor Honda Turing dengan PCX160",Sports,Thomas,"29 Sep 2024, 05:00 WIB",Turing dilakukan dari Sembalun menuju Sirkuit Mandalika. Peserta menggunkana motor PCX 160.,https://www.liputan6.com/bola/read/5713928/meriahkan-motogp-mandalika-2024-pecinta-motor-honda-turing-dengan-pcx160
"Gambaran Meminta kepada Allah, Ini Cara Doa Terbaik Menurut Buya Yahya",Islami,Liputan6.com,"29 Sep 2024, 04:30 WIB","Buya Yahya melanjutkan, banyak orang lebih fokus meminta hal-hal materi tanpa memperhatikan aspek penting lainnya dalam hidup, seperti kesehatan.",https://www.liputan6.com/islami/read/5713870/gambaran-meminta-kepada-allah-ini-cara-doa-terbaik-menurut-buya-yahya
"Mentan Amran Dijuluki Bapak Tani Modern, Ini Alasannya",Peristiwa,Muhammad Radityo Priyasmoro,"29 Sep 2024, 04:10 WIB",Pengembangan pertanian Indonesia telah berada pada track yang optimal di bawah kepemimpinan Amran sebagai Menteri Pertanian,https://www.liputan6.com/news/read/5714173/mentan-amran-dijuluki-bapak-tani-modern-ini-alasannya
"Nutrisi Penting di 1.000 Hari Pertama Kehidupan Anak Buat Mencegah Stunting dan Anemia, Sa...",Lifestyle,Henry,"29 Sep 2024, 04:00 WIB","Satu dari tiga anak di Indonesia mengalami anemia dan stunting, yang bisa dicegah melalui pemenuhan nutrisi seimbang, termasuk zat besi dan vitamin C.",https://www.liputan6.com/lifestyle/read/5714137/nutrisi-penting-di-1000-hari-pertama-kehidupan-anak-buat-mencegah-stunting-dan-anemia-salah-satunya-ikan-kembung
"Sedang Dilakukan Pendataan, Pemerintah Siapkan Bantuan Rumah Rusak Akibat Gempa di Kabupat...",Jawa Barat,Arie Nugraha,"29 Sep 2024, 04:00 WIB","BPBD Jabar mencatat sebanyak 722 rumah mengalami rusak berat, 902 rumah rusak sedang dan 2.949 alami rusak ringan",https://www.liputan6.com/regional/read/5711926/sedang-dilakukan-pendataan-pemerintah-siapkan-bantuan-rumah-rusak-akibat-gempa-di-kabupaten-bandung-dan-garut
"Baru Sadar Kurang Rakaat Sholat setelah Salam, Bagaimana? Ini Kata Gus Baha",Islami,Muhamad Husni Tamami,"29 Sep 2024, 03:30 WIB","Jika seseorang dengan sengaja mengurangi atau melebihi bilangan rakaat tersebut, maka sholatnya tidak akan sah. Otomatis harus diulang untuk menggugurkan kewajibannya.",https://www.liputan6.com/islami/read/5713922/baru-sadar-kurang-rakaat-sholat-setelah-salam-bagaimana-ini-kata-gus-baha
Dahnil Soal Pertemuan Prabowo dengan Megawati: Sebelum Pelantikan Presiden,Politik,Muhammad Ali,"29 Sep 2024, 03:25 WIB",Ia menyebutkan nantinya Prabowo dan Megawati bakal berdiskusi mengenai berbagai agenda ke depan yang akan dijalankan seputar pembangunan Indonesia.,https://www.liputan6.com/news/read/5713882/dahnil-soal-pertemuan-prabowo-dengan-megawati-sebelum-pelantikan-presiden
Petani Coklat Palolo Sepenuh Hati Menangkan Anwar-Reny di Pilgub Sulteng,Pemilu,Tim News,"29 Sep 2024, 03:21 WIB","Abidin memandang, hanya Anwar Hafid yang memiliki program khusus untuk para petani.",https://www.liputan6.com/pemilu/read/5714143/petani-coklat-palolo-sepenuh-hati-menangkan-anwar-reny-di-pilgub-sulteng
"Faktor-Faktor Utama di Balik Maraknya Kasus Pelecehan Seksual, Apa Saja?",Sumatera,Novia Harlina,"29 Sep 2024, 03:00 WIB","Pelecehan seksual adalah masalah kompleks yang dipengaruhi oleh berbagai faktor sosial, budaya, hukum, dan struktural.",https://www.liputan6.com/regional/read/5711918/faktor-faktor-utama-di-balik-maraknya-kasus-pelecehan-seksual-apa-saja
"Jadwal Sholat DKI Jakarta, Jawa dan Seluruh Indonesia Hari Ini Minggu 29 September 2024",Islami,Muhamad Ridlo,"29 Sep 2024, 02:30 WIB","Jadwal sholat hari ini, Minggu 29 September 2024, untuk wilayah DKI Jakarta, Banten, Jawa Barat, Jawa Tengah, DI Yogyakarta, Jawa Timur, dan seluruh Indonesia",https://www.liputan6.com/islami/read/5713924/jadwal-sholat-dki-jakarta-jawa-dan-seluruh-indonesia-hari-ini-minggu-29-september-2024
BMKG: Waspadai Puting Beliung dan Hujan Lebat di Jawa Tengah pada Oktober,Peristiwa,Muhammad Ali,"29 Sep 2024, 02:17 WIB",Dia mengatakan prakiraan awal musim hujan untuk wilayah Banyumas secara umum terjadi pada dasarian (10 hari) pertama Oktober,https://www.liputan6.com/news/read/5713888/bmkg-waspadai-puting-beliung-dan-hujan-lebat-di-jawa-tengah-pada-oktober
Pemilihan Putra Putri Batik Nusantara 2024 Masuk Tahap Audisi 48 Finalis,Lifestyle,Dyah Ayu Pamela,"29 Sep 2024, 02:00 WIB",Dari 224 pendaftar calon peserta Pemilihan Putra Putri Batik Nusantara 2024 akhirnya telah terpilih 48 finalis.,https://www.liputan6.com/lifestyle/read/5713911/pemilihan-putra-putri-batik-nusantara-2024-masuk-tahap-audisi-48-finalis
Momen Megawati Habiskan Malam Minggu Nonton Teater di TIM,Peristiwa,Putu Merta Surya Putra,"29 Sep 2024, 01:35 WIB","Presiden Kelima RI Megawati Soekarnoputri menonton pertunjukan Teater Indonesia Kita dengan Lakon ""Si Manis Jembatan Merah"" di Teater Besar Taman Ismail Marzuki (TIM), Jakarta, Sabtu (28/9/2024) malam.",https://www.liputan6.com/news/read/5714130/momen-megawati-habiskan-malam-minggu-nonton-teater-di-tim
"Hanya 15 Menit Bikin Doa Cepat Terkabul, UAH Ungkap Rahasia Waktu Mustajab Ini",Islami,Liputan6.com,"29 Sep 2024, 01:30 WIB","Menurut Ustadz Adi Hidayat (UAH), waktu yang dimaksud adalah menjelang subuh, tepatnya sekitar 15 hingga 20 menit sebelum masuknya waktu subuh.",https://www.liputan6.com/islami/read/5713751/hanya-15-menit-bikin-doa-cepat-terkabul-uah-ungkap-rahasia-waktu-mustajab-ini
PDIP Turunkan Tim Pengawas Siluman untuk Pantau Kader di Pilkada 2024,Sumatera,Ardi Munthe,"29 Sep 2024, 01:00 WIB","Dewan Pimpinan Pusat (DPP) Partai Demokrasi Indonesia Perjuangan (PDIP) mengerahkan tim pengawas yang disebut ""tim siluman"" untuk memantau kader yang tidak mendukung calon dari PDIP dalam Pemilihan Kepala Daerah (Pilkada) Lampung 2024.",https://www.liputan6.com/regional/read/5713735/pdip-turunkan-tim-pengawas-siluman-untuk-pantau-kader-di-pilkada-2024
"Menuju Pasar Global, Produk Pertanian Organik Penting Penuhi Standar Sertifikasi",Ekonomi,Pipit Ika Ramadhani,"28 Sep 2024, 22:04 WIB","Untuk memastikan produk pertanian organik Indonesia dapat bersaing di pasar global, penting bagi para petani untuk memenuhi standar sertifikasi organik yang dikeluarkan oleh lembaga sertifikasi terakreditasi.",https://www.liputan6.com/bisnis/read/5713943/menuju-pasar-global-produk-pertanian-organik-penting-penuhi-standar-sertifikasi
Pertamina Patra Niaga dan Mandiri Luncurkan Kartu Kredit Co-Brand MyPertamina,Bank,Tira Santia,"28 Sep 2024, 21:51 WIB",Kartu Kredit Co-brand MyPertamina yang dibuat khusus bagi para pencinta otomotif bekerjasama dengan Bank Mandiri yang diberi nama Mandiri MyPertamina Card.,https://www.liputan6.com/bisnis/read/5713935/pertamina-patra-niaga-dan-mandiri-luncurkan-kartu-kredit-co-brand-mypertamina
"Perang Dagang AS Lawan China Berlanjut, Sekarang Rambah Produk Fesyen",Bisnis,Elyza Binta Chabibillah,"28 Sep 2024, 19:00 WIB","China sedang menyelidiki perusahaan PVH, pemilik merek Calvin Klein dan Tommy Hilfiger, terkait dugaan tindakan diskriminatif terhadap kapas Xinjiang.",https://www.liputan6.com/bisnis/read/5711082/perang-dagang-as-lawan-china-berlanjut-sekarang-rambah-produk-fesyen
Menteri AHY Meresmikan Program Perbaikan Rumah dan Konsolidasi Tanah Vertikal Rumah Susun ...,Peristiwa,Gilar Ramdhani,"28 Sep 2024, 18:04 WIB","Pj. Gubernur DKI Jakarta, Heru Budi Hartono dalam kesempatan yang sama menerangkan, lokasi ini merupakan lokasi Program Perbaikan Rumah dan Konsolidasi Tanah Vertikal kedua setelah sebelumnya dilakukan di Palmerah.",https://www.liputan6.com/news/read/5713842/menteri-ahy-meresmikan-program-perbaikan-rumah-dan-konsolidasi-tanah-vertikal-rumah-susun-cinta-damai-jakpus
60 UMKM Binaan Pertamina di Pertamina Grand Prix of Indonesia 2024 Curi Perhatian Wisatawa...,Ekonomi,Maulandy Rizky Bayu Kencana,"28 Sep 2024, 16:06 WIB",Rangkaian acara Pertamina Grand Prix of Indonesia menampilkan kekayaan budaya dan kreativitas lokal yang memikat wisatawan.,https://www.liputan6.com/bisnis/read/5713796/60-umkm-binaan-pertamina-di-pertamina-grand-prix-of-indonesia-2024-curi-perhatian-wisatawan
"Apresiasi Para Petani Lokal, Program Optimasi Lahan Rawa di Merauke Tunjukkan Perkembangan...",Ekonomi,Wuri Anggarini,"28 Sep 2024, 15:07 WIB",Program yang dilakukan oleh para petani di Merauke mampu memberikan perkembangan signifikan lewat produktivitas yang meningkat.,https://www.liputan6.com/bisnis/read/5713761/apresiasi-para-petani-lokal-program-optimasi-lahan-rawa-di-merauke-tunjukkan-perkembangan-signifikan
XL Bebas Puas Solusi Praktis Internetan Tanpa Takut Kuota dan Masa Aktif Habis,Tech News,Gilar Ramdhani,"28 Sep 2024, 09:00 WIB",Paket XL Bebas Puas bisa menjadi solusi praktis internetan tanpa takut kuota dan masa aktif habis.,https://www.liputan6.com/tekno/read/5712389/xl-bebas-puas-solusi-praktis-internetan-tanpa-takut-kuota-dan-masa-aktif-habis
Tebar Diskon dari MyPertamina di Pertamina Grand Prix of Indonesia 2024,Ekonomi,Tira Santia,"27 Sep 2024, 21:37 WIB",Pertamina juga gencar mendorong pemakaian Aplikasi MyPertamina dengan memberikan banyak keuntungan dan diskon menarik di Pertamina Grand Prix of Indonesia 2024 .,https://www.liputan6.com/bisnis/read/5713297/tebar-diskon-dari-mypertamina-di-pertamina-grand-prix-of-indonesia-2024
"110 Senator Dukung Sultan B Najamudin Jadi Ketua DPD RI Periode 2024-2029, Bakal Menang Ak...",Peristiwa,Tim News,"27 Sep 2024, 20:01 WIB",Sebanyak 110 anggota DPD RI mendeklarasikan dukungan kepada Wakil Ketua DPD RI 2019-2024 Sultan B Najamudin untuk menjadi Ketua DPD RI selanjutnya di periode 2024-2029 yang akan dimulai pada 1 Oktober setelah pelantikan.,https://www.liputan6.com/news/read/5713638/110-senator-dukung-sultan-b-najamudin-jadi-ketua-dpd-ri-periode-2024-2029-bakal-menang-aklamasi
"Disdik Jakarta Buat Pelatihan Citizen Journalism di SMA, Dorong Gen Z Aktif Ciptakan Konte...",Peristiwa,Tim News,"27 Sep 2024, 19:16 WIB","Ratusan siswa SMA yang mewakili gen Z mengikuti pelatihan citizen journalism dan pembuatan konten edukatif yang dilaksanakan PT Jakarta Infrastruktur Propertindo (JIP), Warta Kota Mengajar, dan Dinas Pendidikan (Disdik) Provinsi Jakarta.",https://www.liputan6.com/news/read/5713494/disdik-jakarta-buat-pelatihan-citizen-journalism-di-sma-dorong-gen-z-aktif-ciptakan-konten-edukatif
Infografis Proyek Investor Asing Mulai Masuk IKN Nusantara dan Peletakan Batu Pertama,Infografis,Anri Syaiful,Tidak dicantumkan,"Menjelang akhir jabatan, Presiden Jokowi memimpin groundbreaking atau peletakan batu pertama terhadap 5 proyek di IKN Nusantara. Menurut Jokowi, 3 dari 5 penanaman modal dari investor asing dan terafiliasi asing. Sedangkan 2 proyek dari perusahaan swasta nasional.",https://www.liputan6.com/news/read/5713332/infografis-proyek-investor-asing-mulai-masuk-ikn-nusantara-dan-peletakan-batu-pertama
Redupnya Pamor Factory Outlet yang Pernah Berjaya Menarik Wisatawan,Travel,Dinny Mutiah,"29 Sep 2024, 08:30 WIB",Banyak factory outlet yang pernah menjadi destinasi wisata utama di Bandung dan sekitarnya kini tutup. Yang bertahan pun sudah tak fokus lagi hanya menjadi factory outlet.,https://www.liputan6.com/lifestyle/read/5713982/redupnya-pamor-factory-outlet-yang-pernah-berjaya-menarik-wisatawan
Prediksi Liga Inggris Manchester United vs Tottenham Hotspur: Sama-Sama Butuh Menang,Liga Inggris,Harley Ikhsan,"29 Sep 2024, 08:30 WIB","Manchester United menjamu Tottenham Hotspur pada lanjutan Liga Inggris 2024/2025 di Old Trafford, Minggu (29/9/2024) pukul 22.30 WIB. Pertandingan bisa disaksikan langsung melalui Vidio.",https://www.liputan6.com/bola/read/5713981/prediksi-liga-inggris-manchester-united-vs-tottenham-hotspur-sama-sama-butuh-menang
"Nasihat Syekh Ali Jaber, Cara Efektif Redakan Kemarahan",Islami,Liputan6.com,"29 Sep 2024, 08:30 WIB",Syekh Ali Jaber menyarankan agar orang-orang yang mudah marah untuk tidak berbicara sama sekali saat emosi sedang memuncak.,https://www.liputan6.com/islami/read/5713878/nasihat-syekh-ali-jaber-cara-efektif-redakan-kemarahan
Harga Kripto Hari Ini 29 September 2024: Bitcoin Masih Parkir di Zona Hijau,Crypto,Gagas Yoga Pratomo,"29 Sep 2024, 08:28 WIB","Harga kripto jajaran teratas bergerak di zona merah pada Minggu, 29 September 2024. Di sisi lain, harga bitcoin menguat 0,2 persen.",https://www.liputan6.com/crypto/read/5714168/harga-kripto-hari-ini-29-september-2024-bitcoin-masih-parkir-di-zona-hijau
"5 Zodiak yang Sering Merasa Paling Tersakiti, Kamu Termasuk?",Hot,Ricka Milla Suatin,"29 Sep 2024, 08:27 WIB","Ternyata, berdasarkan zodiak, ada beberapa karakter yang lebih sensitif dan cenderung merasa lebih tersakiti.",https://www.liputan6.com/hot/read/5713443/5-zodiak-yang-sering-merasa-paling-tersakiti-kamu-termasuk
Cuaca Besok Senin 30 September 2024: Langit Pagi Jakarta Seluruhnya Berawan Tebal,Peristiwa,Nasrul Faiz,"29 Sep 2024, 08:20 WIB","Pagi hari di Jakarta besok, Senin, 30 September 2024, seluruh langitnya diprakirakan berawan tebal, tanpa terkecuali. Demikianlah prediksi cuaca besok.",https://www.liputan6.com/news/read/5714160/cuaca-besok-senin-30-september-2024-langit-pagi-jakarta-seluruhnya-berawan-tebal
"Gedung Bakamla RI Kebakaran, 19 Mobil Damkar dan 95 Personel Dikerahkan",Peristiwa,Nanda Perdana Putra,"29 Sep 2024, 08:04 WIB","Kebakaran melanda Gedung Bakamla RI di Jalan Proklamasi, Pegangsaan, Menteng, Jakarta Pusat, pada Minggu (29/9/2024) pagi. Sebanyak 19 unit mobil pemadam kebakaran dan 95 personel dikerahkan untuk menangani insiden ini.",https://www.liputan6.com/news/read/5714178/gedung-bakamla-ri-kebakaran-19-mobil-damkar-dan-95-personel-dikerahkan
4 Zodiak yang Bergulat dengan Keraguan Diri dalam Hubungan,Citizen6,Yulia Lisnawati,"29 Sep 2024, 08:03 WIB","Bagi beberapa zodiak, keraguan diri dalam hubungan seringkali menjadi tantangan yang harus dihadapi.",https://www.liputan6.com/citizen6/read/5713871/4-zodiak-yang-bergulat-dengan-keraguan-diri-dalam-hubungan
"Tanggapi Gerakan Coblos 3 Paslon, KPU Minta Pemilih Bijak Gunakan Hak Pilihnya",Pemilu,Muhammad Radityo Priyasmoro,"29 Sep 2024, 08:02 WIB","Komisioner KPU Jakarta, Dodi Wijaya mengajak semua elemen masyarakat untuk ikut terlibat aktif mensukseskan Pilkada 2024.",https://www.liputan6.com/pemilu/read/5714170/tanggapi-gerakan-coblos-3-paslon-kpu-minta-pemilih-bijak-gunakan-hak-pilihnya
Megawati Berharap Agar TIM Terus Dikembangkan Sebagai Pusat Kebudayaan,Politik,Putu Merta Surya Putra,"29 Sep 2024, 08:00 WIB",Pesiden Kelima RI Megawati Soekarnoputri mendorong agar kompleks Taman Ismail Marzuki (TIM) terus dikembangkan sebagai pusat seni budaya dalam rangka melestarikan budaya Nusantara.,https://www.liputan6.com/news/read/5714131/megawati-berharap-agar-tim-terus-dikembangkan-sebagai-pusat-kebudayaan
Top 3: Ketua Kadin Diumumkan Senin 30 September 2024?,Ekonomi,Septian Deny,"29 Sep 2024, 08:00 WIB","Artikel Anindya Bakrie dan Arsjad Rasjid Bertemu, Nasib Ketua Kadin Diumumkan Senin 30 September 2024 ini menyita perhatian pembaca di Kanal Bisnis Liputan6.com.",https://www.liputan6.com/bisnis/read/5713985/top-3-ketua-kadin-diumumkan-senin-30-september-2024
Prediksi Timnas Indonesia vs Yaman di Kualifikasi Piala Asia U-20 2025: Tembok Terakhir Ga...,Liga Indonesia,Theresia Melinda Indrasari,"29 Sep 2024, 08:00 WIB","Timnas Indonesia U-20 bakal menantang Yaman dalam laga ketiga Grup F Kualifikasi Piala Asia U-20 2025 di Stadion Madya Gelora Bung Karno (GBK) Senayan, Minggu (29/9/2024) pukul 19.30 WIB.",https://www.liputan6.com/bola/read/5713849/prediksi-timnas-indonesia-vs-yaman-di-kualifikasi-piala-asia-u-20-2025-tembok-terakhir-garuda-muda
"ChatGPT Kini Bisa Diajak Ngobrol, Fitur Baru untuk Pengguna Premium",Apps,Dinda Ariyani,"29 Sep 2024, 08:00 WIB",OpenAI telah meluncurkan fitur suara interaktif bagi pengguna ChatGPT premium untuk menikmati pengalaman percakapan lebih natural dan imersif.,https://www.liputan6.com/tekno/read/5711861/chatgpt-kini-bisa-diajak-ngobrol-fitur-baru-untuk-pengguna-premium
"6 Resep Kue Sagon yang Gurih dan Manis, Camilan Jadul dari Kelapa",Hot,Ayu Rifka Sitoresmi,"29 Sep 2024, 08:00 WIB",Kue sagon merupakan salah satu kudapan tradisional Indonesia yang telah lama dikenal dan disukai oleh berbagai kalangan.,https://www.liputan6.com/hot/read/5711977/6-resep-kue-sagon-yang-gurih-dan-manis-camilan-jadul-dari-kelapa
Gatal di Kemaluan Tanda Diabetes? Waspadai Gejala Ini Sebelum Terlambat!,Health Info,Aditya Eka Prawira,"29 Sep 2024, 08:00 WIB",Waspada! Gatal di Kemaluan Bisa Jadi Tanda Awal Diabetes! Jangan anggap remeh gejala ini.,https://www.liputan6.com/health/read/5713845/gatal-di-kemaluan-tanda-diabetes-waspadai-gejala-ini-sebelum-terlambat
"Parade 7 Anime Anyar di Vidio, Ada Haikyuu!! Sampai Detective Conan Episode 1.066 ke Atas",Film,Ratnaning Asih,"29 Sep 2024, 08:00 WIB",Berikut link nonton anime terbaru yang tayang di Vidio.,https://www.liputan6.com/showbiz/read/5713667/parade-7-anime-anyar-di-vidio-ada-haikyuu-sampai-detective-conan-episode-1066-ke-atas
"Gedung Bakamla RI Kebakaran, Api Meluas di Bagian Atap",Peristiwa,Nanda Perdana Putra,"29 Sep 2024, 07:31 WIB","Kepala Dinas Gulkarmat DKI Jakarta Satriadi Gunawan menyampaikan, peristiwa itu terjadi sekitar pukul 06.20 WIB pagi ini, Minggu (29/9/2024).",https://www.liputan6.com/news/read/5714166/gedung-bakamla-ri-kebakaran-api-meluas-di-bagian-atap
"Gandeng Korea Selatan dan Belanda, Indonesia Susun Strategi Pembangunan Berkelanjutan Pant...",Ekonomi,Agustina Melani,"29 Sep 2024, 07:30 WIB",Pemerintah Indonesia berkomitmen untuk melindungi dan mengelola keberlanjutan Pantura Jawa.,https://www.liputan6.com/bisnis/read/5714159/gandeng-korea-selatan-dan-belanda-indonesia-susun-strategi-pembangunan-berkelanjutan-pantura-jawa
Bisakah Manusia Tetap Dicintai Allah meskipun Sering Berbuat Dosa?,Islami,Putry Damayanty,"29 Sep 2024, 07:30 WIB","Tidak ada manusia yang bebas dari dosa, namun Allah sungguh mencintai orang-orang yang mau kembali kepada-Nya dengan bertaubat.",https://www.liputan6.com/islami/read/5713687/bisakah-manusia-tetap-dicintai-allah-meskipun-sering-berbuat-dosa
"7 Ramalan Asmara Shio Babi Tahun 2024, Bersiaplah Temukan Cinta di Tempat Tak Terduga!",Hot,Ricka Milla Suatin,"29 Sep 2024, 07:28 WIB","Tahun 2024 diprediksi akan menjadi tahun penuh kejutan dan perubahan bagi mereka yang ber-Shio Babi, terutama dalam hal percintaan.",https://www.liputan6.com/hot/read/5713454/7-ramalan-asmara-shio-babi-tahun-2024-bersiaplah-temukan-cinta-di-tempat-tak-terduga
Kapolri Pimpin Pelantikan Sejumlah Kapolda dan Kukuhkan 2 Jabatan Baru di Polri,Peristiwa,Tim News,"29 Sep 2024, 07:21 WIB","Sigit melantik dua pejabat baru, yakni Komjen Pol Verdianto Iskandar Bitticaca sebagai Astamaops dan Komjen Pol Wahyu Hadiningrat sebagai Astamarena.",https://www.liputan6.com/news/read/5714146/kapolri-pimpin-pelantikan-sejumlah-kapolda-dan-kukuhkan-2-jabatan-baru-di-polri
"Akhir Pekan Minggu 29 September 2024, Tak Ada Aturan Ganjil Genap di Jakarta",Peristiwa,Nasrul Faiz,"29 Sep 2024, 07:00 WIB","Kebijakan ganjil genap di Jakarta memang tidak berlaku pada akhir pekan, yaitu Sabtu dan Minggu, serta pada hari libur nasional dan tanggal merah.",https://www.liputan6.com/news/read/5714148/akhir-pekan-minggu-29-september-2024-tak-ada-aturan-ganjil-genap-di-jakarta
"7 Potret Angga Yunanda dan Shenina Cinnamon Pacaran Sambil Kerja, Bak Prewed",Hot,Ibrahim Hasan,"29 Sep 2024, 07:00 WIB",Angga Yunanda dan Shenina Cinnamon diduga prewedding.,https://www.liputan6.com/hot/read/5713631/7-potret-angga-yunanda-dan-shenina-cinnamon-pacaran-sambil-kerja-bak-prewed
Luca Marini dan Joan Mir Puji Perkembangan Pembalap Muda Indonesia,Sports,Thomas,"29 Sep 2024, 07:00 WIB",Dua pembalap MotoGP memuji perkembangan para pembalap muda Indonesia dan berharap mereka bisa berkembang hingga menembus kelas para raja.,https://www.liputan6.com/bola/read/5713957/luca-marini-dan-joan-mir-puji-perkembangan-pembalap-muda-indonesia
Review: Manisnya Parfum Lokal PERFUME REPUBLIC Beraroma Permen YUPI,Lifestyle,Asnida Riani,"29 Sep 2024, 07:00 WIB",Dua varian parfum PERFUME REPUBLIC X YUPI diformulasikan untuk menghadirkan kembali kenangan masa kecil yang indah dan penuh kegembiraan.,https://www.liputan6.com/lifestyle/read/5713585/review-manisnya-parfum-lokal-perfume-republic-beraroma-permen-yupi
"Link Nonton Drakor Iron Family yang Tayang Tiap Minggu dan Senin di Vidio, Geum Sae Rok Ja...",K-Pop,Ratnaning Asih,"29 Sep 2024, 07:00 WIB",Iron Family akan mulai tayang di Vidio pada 29 September mendatang.,https://www.liputan6.com/showbiz/read/5713064/link-nonton-drakor-iron-family-yang-tayang-tiap-minggu-dan-senin-di-vidio-geum-sae-rok-jadi-penerus-usaha-laundry
"Hari Hak untuk Tahun Sedunia, Komisi Informasi Pusat Gelar Fun Walk di CFD Sudirman-Thamri...",Peristiwa,Nanda Perdana Putra,"29 Sep 2024, 06:46 WIB","Komisi Informasi Pusat memperingati Hari Hak Untuk Tahu Sedunia dengan menggelar  fun walk di car free day (CFD) Jalan Sudirman-Thamrin, Jakarta.",https://www.liputan6.com/news/read/5714153/hari-hak-untuk-tahun-sedunia-komisi-informasi-pusat-gelar-fun-walk-di-cfd-sudirman-thamrin
"Top 3 Islami: Amalan Pendek agar Rezeki Lancar dan Dijawab Malaikat dari Gus Baha, Doa Sub...",Islami,Muhamad Ridlo,"29 Sep 2024, 06:30 WIB","Top 3 Islami: Amalan Pendek dan Mudah agar Rezeki Mengalir Deras dari Gus Baha, Doa Subuh supaya Semangat Beraktivitas",https://www.liputan6.com/islami/read/5713905/top-3-islami-amalan-pendek-agar-rezeki-lancar-dan-dijawab-malaikat-dari-gus-baha-doa-subuh-supaya-semangat-beraktivitas
"5 Zodiak yang Terkenal Sangat Hemat, Bahkan untuk Keperluan Pribadi",Hot,Ricka Milla Suatin,"29 Sep 2024, 06:28 WIB","Jika dikaitkan dengan kepribadian astrologi, ada lima zodiak yang dikenal sangat hemat dalam membelanjakan uang, bahkan untuk kebutuhan pribadi mereka.",https://www.liputan6.com/hot/read/5713442/5-zodiak-yang-terkenal-sangat-hemat-bahkan-untuk-keperluan-pribadi
Cuaca Hari Ini Minggu 29 September 2024: Langit Pagi Jakarta Seluruhnya Cerah Berawan,Peristiwa,Arviola Marchsyalina Syurgandari,"29 Sep 2024, 06:15 WIB","Pada akhir pekan ini, Minggu (29/9/2024), cuaca pagi di wilayah Jakarta dan Kepulauan Seribu, diperkirakan akan didominasi oleh langit cerah berawan. Demikianlah prakiraan cuaca hari ini.",https://www.liputan6.com/news/read/5713884/cuaca-hari-ini-minggu-29-september-2024-langit-pagi-jakarta-seluruhnya-cerah-berawan
"Posisi 3 di Sprint Race MotoGP Indonesia 2024, Marc Marquez Dapat Tambahan Poin Penting",Oto News,Septian Pamungkas,"29 Sep 2024, 06:08 WIB","Start dari posisi 12, Marc Marquez mampu menuntaskan balapan di posisi tiga (3) di MotoGP Indonesia 2024.",https://www.liputan6.com/otomotif/read/5714000/posisi-3-di-sprint-race-motogp-indonesia-2024-marc-marquez-dapat-tambahan-poin-penting
Saham Trump Media Naik 5% Usai Para Pendiri Lakukan Aksi Jual,Saham,Pipit Ika Ramadhani,"29 Sep 2024, 06:00 WIB","Saham Trump Media (Nasdaq:DJT) ditutup naik 5,58% pada hari Jumat waktu setempat, mengakhiri pekan ini pada posisi 14,76 per saham. Kenaikan terjadi setelah pemegang saham utama United Atlantic Ventures (UAV), LLC, menjual hampir 11 juta saham di perusahaan tersebut pada hari Kamis.",https://www.liputan6.com/saham/read/5713962/saham-trump-media-naik-5-usai-para-pendiri-lakukan-aksi-jual
Harga Bitcoin Tunjukan Korelasi Positif 30 Hari dengan Neraca Keuangan Bank Sentral China,Crypto,Maulandy Rizky Bayu Kencana,"29 Sep 2024, 06:00 WIB","Harga Bitcoin (BTC) terlihat selalu mengikuti pertumbuhan neraca bank sentral China selama 8 tahun terakhir, mempertahankan korelasi positif 30 hari yang signifikan.",https://www.liputan6.com/crypto/read/5713524/harga-bitcoin-tunjukan-korelasi-positif-30-hari-dengan-neraca-keuangan-bank-sentral-china
"Manchester United Pernah Tawar Wonderkid Barcelona Rp1,6 Triliun, Beruntung Ditolak",Liga Spanyol,Rahmat Fathurahman,"29 Sep 2024, 06:00 WIB","Manchester United dikabarkan pernah mengajukan tawaran senilai sekitar 84 juta poundsterling atau sekitar Rp1,6 triliun yang memboyong wonderkid Barcelona, Ansu Fati, pada 2020.",https://www.liputan6.com/bola/read/5712184/manchester-united-pernah-tawar-wonderkid-barcelona-rp16-triliun-beruntung-ditolak
"Mengintip Daya Tarik Wisata Kajer Asri, Tempat Rekreasi Menarik di Jember",Regional,Natasa Kumalasah Putri,"29 Sep 2024, 06:00 WIB","Wisata Kajer Asri merupakan spot rekreasi yang cukup populer di Jember. Tempat ini sering dikunjungi sebagai tempat berkumpul atau berkegiatan anak sekolah, komunitas, hingga keluarga.",https://www.liputan6.com/regional/read/5711736/mengintip-daya-tarik-wisata-kajer-asri-tempat-rekreasi-menarik-di-jember
Apakah Gatal di Kemaluan Tanda Diabetes? Simak Faktanya di Sini!,Health Info,Aditya Eka Prawira,"29 Sep 2024, 06:00 WIB",Gatal di Kemaluan? Waspada! Bisa jadi tanda infeksi jamur atau bahkan diabetes tipe 2. Kenali gejalanya sebelum terlambat!,https://www.liputan6.com/health/read/5713825/apakah-gatal-di-kemaluan-tanda-diabetes-simak-faktanya-di-sini
29 September 1979: Paus Yohanes Paulus II Serukan Perdamaian di Irlandia,Histori,Teddy Tri Setio Berty,"29 Sep 2024, 06:00 WIB","Dalam kunjungannya ke Irlandia, Paus Yohanes Paulus II menyerukan pesan perdamaian. Ia sampaikan hal itu ke hadapan 300 ribu orang.",https://www.liputan6.com/global/read/5713787/29-september-1979-paus-yohanes-paulus-ii-serukan-perdamaian-di-irlandia
"3 Resep Praktis Siomai Kriwil, Camilan Lezat Favorit dengan Tekstur Kenyal",Culinary,Dyah Ayu Pamela,"29 Sep 2024, 06:00 WIB","Bentuk siomai kriwil terbilang unik dan menciptakan sensasi tersendiri. Apalagi dengan tekstur kenyal dan aroma ikan tenggiri yang menggoda, menjadikan camilan ini jadi favorit.",https://www.liputan6.com/lifestyle/read/5713746/3-resep-praktis-siomai-kriwil-camilan-lezat-favorit-dengan-tekstur-kenyal
"Kisah Nabi Khidir Menolak Nabi Musa sebagai Murid, Kenapa?",Islami,Putry Damayanty,"29 Sep 2024, 05:30 WIB",Mengambil hikmah dari kisah Nabi Musa yang ingin berguru pada Nabi Khidir. Kisah ini sangat menarik dan mengandung banyak pelajaran.,https://www.liputan6.com/islami/read/5713896/kisah-nabi-khidir-menolak-nabi-musa-sebagai-murid-kenapa
LRT Jakarta Velodrome-Rawamangun Siap Uji Coba Jalur pada Senin 30 September,Megapolitan,Muhammad Ali,"29 Sep 2024, 05:26 WIB","Dian menyatakan, proyek pembangunan LRT Jakarta Fase 1B terus menunjukkan perkembangan signifikan. Hingga pekan ketiga September 2024, konstruksi berhasil mencapai 29, 17 persen.",https://www.liputan6.com/news/read/5713895/lrt-jakarta-velodrome-rawamangun-siap-uji-coba-jalur-pada-senin-30-september
Wamenaker Menilai Peningkatan SDM Diperlukan untuk Memperluas Kesempatan Kerja,Peristiwa,Tim News,"29 Sep 2024, 05:11 WIB","Menurut Afriansyah, bonus demografi yang dihadapi Indonesia harus dimanfaatkan untuk memperkuat SDM yang ada sehingga mereka bisa mengikuti program pemerintah terkait perluasan kesempatan kerja ke luar negeri.",https://www.liputan6.com/news/read/5714179/wamenaker-menilai-peningkatan-sdm-diperlukan-untuk-memperluas-kesempatan-kerja
"Mengintip Studio Alam Gamplong, Wisata Menarik yang Sering Jadi Lokasi Syuting di Jogja",Regional,Natasa Kumalasah Putri,"29 Sep 2024, 05:00 WIB",Studio Alam Gamplong dikenal sebagai destinasi wisata menarik untuk dikunjungi bersama keluarga. Tempat ini juga dikenal dengan sejumlah bangunan unik yang biasa jadi lokasi syuting film Indonesia.,https://www.liputan6.com/regional/read/5713220/mengintip-studio-alam-gamplong-wisata-menarik-yang-sering-jadi-lokasi-syuting-di-jogja
"Meriahkan MotoGP Mandalika 2024, Pecinta Motor Honda Turing dengan PCX160",Sports,Thomas,"29 Sep 2024, 05:00 WIB",Turing dilakukan dari Sembalun menuju Sirkuit Mandalika. Peserta menggunkana motor PCX 160.,https://www.liputan6.com/bola/read/5713928/meriahkan-motogp-mandalika-2024-pecinta-motor-honda-turing-dengan-pcx160
"Gambaran Meminta kepada Allah, Ini Cara Doa Terbaik Menurut Buya Yahya",Islami,Liputan6.com,"29 Sep 2024, 04:30 WIB","Buya Yahya melanjutkan, banyak orang lebih fokus meminta hal-hal materi tanpa memperhatikan aspek penting lainnya dalam hidup, seperti kesehatan.",https://www.liputan6.com/islami/read/5713870/gambaran-meminta-kepada-allah-ini-cara-doa-terbaik-menurut-buya-yahya
"Mentan Amran Dijuluki Bapak Tani Modern, Ini Alasannya",Peristiwa,Muhammad Radityo Priyasmoro,"29 Sep 2024, 04:10 WIB",Pengembangan pertanian Indonesia telah berada pada track yang optimal di bawah kepemimpinan Amran sebagai Menteri Pertanian,https://www.liputan6.com/news/read/5714173/mentan-amran-dijuluki-bapak-tani-modern-ini-alasannya
"Nutrisi Penting di 1.000 Hari Pertama Kehidupan Anak Buat Mencegah Stunting dan Anemia, Sa...",Lifestyle,Henry,"29 Sep 2024, 04:00 WIB","Satu dari tiga anak di Indonesia mengalami anemia dan stunting, yang bisa dicegah melalui pemenuhan nutrisi seimbang, termasuk zat besi dan vitamin C.",https://www.liputan6.com/lifestyle/read/5714137/nutrisi-penting-di-1000-hari-pertama-kehidupan-anak-buat-mencegah-stunting-dan-anemia-salah-satunya-ikan-kembung
"Sedang Dilakukan Pendataan, Pemerintah Siapkan Bantuan Rumah Rusak Akibat Gempa di Kabupat...",Jawa Barat,Arie Nugraha,"29 Sep 2024, 04:00 WIB","BPBD Jabar mencatat sebanyak 722 rumah mengalami rusak berat, 902 rumah rusak sedang dan 2.949 alami rusak ringan",https://www.liputan6.com/regional/read/5711926/sedang-dilakukan-pendataan-pemerintah-siapkan-bantuan-rumah-rusak-akibat-gempa-di-kabupaten-bandung-dan-garut
"Baru Sadar Kurang Rakaat Sholat setelah Salam, Bagaimana? Ini Kata Gus Baha",Islami,Muhamad Husni Tamami,"29 Sep 2024, 03:30 WIB","Jika seseorang dengan sengaja mengurangi atau melebihi bilangan rakaat tersebut, maka sholatnya tidak akan sah. Otomatis harus diulang untuk menggugurkan kewajibannya.",https://www.liputan6.com/islami/read/5713922/baru-sadar-kurang-rakaat-sholat-setelah-salam-bagaimana-ini-kata-gus-baha
Dahnil Soal Pertemuan Prabowo dengan Megawati: Sebelum Pelantikan Presiden,Politik,Muhammad Ali,"29 Sep 2024, 03:25 WIB",Ia menyebutkan nantinya Prabowo dan Megawati bakal berdiskusi mengenai berbagai agenda ke depan yang akan dijalankan seputar pembangunan Indonesia.,https://www.liputan6.com/news/read/5713882/dahnil-soal-pertemuan-prabowo-dengan-megawati-sebelum-pelantikan-presiden
Petani Coklat Palolo Sepenuh Hati Menangkan Anwar-Reny di Pilgub Sulteng,Pemilu,Tim News,"29 Sep 2024, 03:21 WIB","Abidin memandang, hanya Anwar Hafid yang memiliki program khusus untuk para petani.",https://www.liputan6.com/pemilu/read/5714143/petani-coklat-palolo-sepenuh-hati-menangkan-anwar-reny-di-pilgub-sulteng
"Faktor-Faktor Utama di Balik Maraknya Kasus Pelecehan Seksual, Apa Saja?",Sumatera,Novia Harlina,"29 Sep 2024, 03:00 WIB","Pelecehan seksual adalah masalah kompleks yang dipengaruhi oleh berbagai faktor sosial, budaya, hukum, dan struktural.",https://www.liputan6.com/regional/read/5711918/faktor-faktor-utama-di-balik-maraknya-kasus-pelecehan-seksual-apa-saja
"Jadwal Sholat DKI Jakarta, Jawa dan Seluruh Indonesia Hari Ini Minggu 29 September 2024",Islami,Muhamad Ridlo,"29 Sep 2024, 02:30 WIB","Jadwal sholat hari ini, Minggu 29 September 2024, untuk wilayah DKI Jakarta, Banten, Jawa Barat, Jawa Tengah, DI Yogyakarta, Jawa Timur, dan seluruh Indonesia",https://www.liputan6.com/islami/read/5713924/jadwal-sholat-dki-jakarta-jawa-dan-seluruh-indonesia-hari-ini-minggu-29-september-2024
BMKG: Waspadai Puting Beliung dan Hujan Lebat di Jawa Tengah pada Oktober,Peristiwa,Muhammad Ali,"29 Sep 2024, 02:17 WIB",Dia mengatakan prakiraan awal musim hujan untuk wilayah Banyumas secara umum terjadi pada dasarian (10 hari) pertama Oktober,https://www.liputan6.com/news/read/5713888/bmkg-waspadai-puting-beliung-dan-hujan-lebat-di-jawa-tengah-pada-oktober
Pemilihan Putra Putri Batik Nusantara 2024 Masuk Tahap Audisi 48 Finalis,Lifestyle,Dyah Ayu Pamela,"29 Sep 2024, 02:00 WIB",Dari 224 pendaftar calon peserta Pemilihan Putra Putri Batik Nusantara 2024 akhirnya telah terpilih 48 finalis.,https://www.liputan6.com/lifestyle/read/5713911/pemilihan-putra-putri-batik-nusantara-2024-masuk-tahap-audisi-48-finalis
Momen Megawati Habiskan Malam Minggu Nonton Teater di TIM,Peristiwa,Putu Merta Surya Putra,"29 Sep 2024, 01:35 WIB","Presiden Kelima RI Megawati Soekarnoputri menonton pertunjukan Teater Indonesia Kita dengan Lakon ""Si Manis Jembatan Merah"" di Teater Besar Taman Ismail Marzuki (TIM), Jakarta, Sabtu (28/9/2024) malam.",https://www.liputan6.com/news/read/5714130/momen-megawati-habiskan-malam-minggu-nonton-teater-di-tim
"Hanya 15 Menit Bikin Doa Cepat Terkabul, UAH Ungkap Rahasia Waktu Mustajab Ini",Islami,Liputan6.com,"29 Sep 2024, 01:30 WIB","Menurut Ustadz Adi Hidayat (UAH), waktu yang dimaksud adalah menjelang subuh, tepatnya sekitar 15 hingga 20 menit sebelum masuknya waktu subuh.",https://www.liputan6.com/islami/read/5713751/hanya-15-menit-bikin-doa-cepat-terkabul-uah-ungkap-rahasia-waktu-mustajab-ini
PDIP Turunkan Tim Pengawas Siluman untuk Pantau Kader di Pilkada 2024,Sumatera,Ardi Munthe,"29 Sep 2024, 01:00 WIB","Dewan Pimpinan Pusat (DPP) Partai Demokrasi Indonesia Perjuangan (PDIP) mengerahkan tim pengawas yang disebut ""tim siluman"" untuk memantau kader yang tidak mendukung calon dari PDIP dalam Pemilihan Kepala Daerah (Pilkada) Lampung 2024.",https://www.liputan6.com/regional/read/5713735/pdip-turunkan-tim-pengawas-siluman-untuk-pantau-kader-di-pilkada-2024
Pesan Syekh Ali Jaber untuk Orang yang Anti Tahlilan,Islami,Liputan6.com,"29 Sep 2024, 00:30 WIB","Bagi yang ingin melaksanakan yasinan, tahlilan, atau membaca surah Al-Kahfi, dipersilakan. Namun, bagi yang tidak ingin melakukannya, juga tidak menjadi masalah selama tetap menjaga amalan membaca Al-Qur'an.",https://www.liputan6.com/islami/read/5713876/pesan-syekh-ali-jaber-untuk-orang-yang-anti-tahlilan
"Menuju Pasar Global, Produk Pertanian Organik Penting Penuhi Standar Sertifikasi",Ekonomi,Pipit Ika Ramadhani,"28 Sep 2024, 22:04 WIB","Untuk memastikan produk pertanian organik Indonesia dapat bersaing di pasar global, penting bagi para petani untuk memenuhi standar sertifikasi organik yang dikeluarkan oleh lembaga sertifikasi terakreditasi.",https://www.liputan6.com/bisnis/read/5713943/menuju-pasar-global-produk-pertanian-organik-penting-penuhi-standar-sertifikasi
Pertamina Patra Niaga dan Mandiri Luncurkan Kartu Kredit Co-Brand MyPertamina,Bank,Tira Santia,"28 Sep 2024, 21:51 WIB",Kartu Kredit Co-brand MyPertamina yang dibuat khusus bagi para pencinta otomotif bekerjasama dengan Bank Mandiri yang diberi nama Mandiri MyPertamina Card.,https://www.liputan6.com/bisnis/read/5713935/pertamina-patra-niaga-dan-mandiri-luncurkan-kartu-kredit-co-brand-mypertamina
"Perang Dagang AS Lawan China Berlanjut, Sekarang Rambah Produk Fesyen",Bisnis,Elyza Binta Chabibillah,"28 Sep 2024, 19:00 WIB","China sedang menyelidiki perusahaan PVH, pemilik merek Calvin Klein dan Tommy Hilfiger, terkait dugaan tindakan diskriminatif terhadap kapas Xinjiang.",https://www.liputan6.com/bisnis/read/5711082/perang-dagang-as-lawan-china-berlanjut-sekarang-rambah-produk-fesyen
Menteri AHY Meresmikan Program Perbaikan Rumah dan Konsolidasi Tanah Vertikal Rumah Susun ...,Peristiwa,Gilar Ramdhani,"28 Sep 2024, 18:04 WIB","Pj. Gubernur DKI Jakarta, Heru Budi Hartono dalam kesempatan yang sama menerangkan, lokasi ini merupakan lokasi Program Perbaikan Rumah dan Konsolidasi Tanah Vertikal kedua setelah sebelumnya dilakukan di Palmerah.",https://www.liputan6.com/news/read/5713842/menteri-ahy-meresmikan-program-perbaikan-rumah-dan-konsolidasi-tanah-vertikal-rumah-susun-cinta-damai-jakpus
60 UMKM Binaan Pertamina di Pertamina Grand Prix of Indonesia 2024 Curi Perhatian Wisatawa...,Ekonomi,Maulandy Rizky Bayu Kencana,"28 Sep 2024, 16:06 WIB",Rangkaian acara Pertamina Grand Prix of Indonesia menampilkan kekayaan budaya dan kreativitas lokal yang memikat wisatawan.,https://www.liputan6.com/bisnis/read/5713796/60-umkm-binaan-pertamina-di-pertamina-grand-prix-of-indonesia-2024-curi-perhatian-wisatawan
"Apresiasi Para Petani Lokal, Program Optimasi Lahan Rawa di Merauke Tunjukkan Perkembangan...",Ekonomi,Wuri Anggarini,"28 Sep 2024, 15:07 WIB",Program yang dilakukan oleh para petani di Merauke mampu memberikan perkembangan signifikan lewat produktivitas yang meningkat.,https://www.liputan6.com/bisnis/read/5713761/apresiasi-para-petani-lokal-program-optimasi-lahan-rawa-di-merauke-tunjukkan-perkembangan-signifikan
XL Bebas Puas Solusi Praktis Internetan Tanpa Takut Kuota dan Masa Aktif Habis,Tech News,Gilar Ramdhani,"28 Sep 2024, 09:00 WIB",Paket XL Bebas Puas bisa menjadi solusi praktis internetan tanpa takut kuota dan masa aktif habis.,https://www.liputan6.com/tekno/read/5712389/xl-bebas-puas-solusi-praktis-internetan-tanpa-takut-kuota-dan-masa-aktif-habis
Tebar Diskon dari MyPertamina di Pertamina Grand Prix of Indonesia 2024,Ekonomi,Tira Santia,"27 Sep 2024, 21:37 WIB",Pertamina juga gencar mendorong pemakaian Aplikasi MyPertamina dengan memberikan banyak keuntungan dan diskon menarik di Pertamina Grand Prix of Indonesia 2024 .,https://www.liputan6.com/bisnis/read/5713297/tebar-diskon-dari-mypertamina-di-pertamina-grand-prix-of-indonesia-2024
"110 Senator Dukung Sultan B Najamudin Jadi Ketua DPD RI Periode 2024-2029, Bakal Menang Ak...",Peristiwa,Tim News,"27 Sep 2024, 20:01 WIB",Sebanyak 110 anggota DPD RI mendeklarasikan dukungan kepada Wakil Ketua DPD RI 2019-2024 Sultan B Najamudin untuk menjadi Ketua DPD RI selanjutnya di periode 2024-2029 yang akan dimulai pada 1 Oktober setelah pelantikan.,https://www.liputan6.com/news/read/5713638/110-senator-dukung-sultan-b-najamudin-jadi-ketua-dpd-ri-periode-2024-2029-bakal-menang-aklamasi
"Disdik Jakarta Buat Pelatihan Citizen Journalism di SMA, Dorong Gen Z Aktif Ciptakan Konte...",Peristiwa,Tim News,"27 Sep 2024, 19:16 WIB","Ratusan siswa SMA yang mewakili gen Z mengikuti pelatihan citizen journalism dan pembuatan konten edukatif yang dilaksanakan PT Jakarta Infrastruktur Propertindo (JIP), Warta Kota Mengajar, dan Dinas Pendidikan (Disdik) Provinsi Jakarta.",https://www.liputan6.com/news/read/5713494/disdik-jakarta-buat-pelatihan-citizen-journalism-di-sma-dorong-gen-z-aktif-ciptakan-konten-edukatif
Infografis Proyek Investor Asing Mulai Masuk IKN Nusantara dan Peletakan Batu Pertama,Infografis,Anri Syaiful,Tidak dicantumkan,"Menjelang akhir jabatan, Presiden Jokowi memimpin groundbreaking atau peletakan batu pertama terhadap 5 proyek di IKN Nusantara. Menurut Jokowi, 3 dari 5 penanaman modal dari investor asing dan terafiliasi asing. Sedangkan 2 proyek dari perusahaan swasta nasional.",https://www.liputan6.com/news/read/5713332/infografis-proyek-investor-asing-mulai-masuk-ikn-nusantara-dan-peletakan-batu-pertama
Redupnya Pamor Factory Outlet yang Pernah Berjaya Menarik Wisatawan,Travel,Dinny Mutiah,"29 Sep 2024, 08:30 WIB",Banyak factory outlet yang pernah menjadi destinasi wisata utama di Bandung dan sekitarnya kini tutup. Yang bertahan pun sudah tak fokus lagi hanya menjadi factory outlet.,https://www.liputan6.com/lifestyle/read/5713982/redupnya-pamor-factory-outlet-yang-pernah-berjaya-menarik-wisatawan
Prediksi Liga Inggris Manchester United vs Tottenham Hotspur: Sama-Sama Butuh Menang,Liga Inggris,Harley Ikhsan,"29 Sep 2024, 08:30 WIB","Manchester United menjamu Tottenham Hotspur pada lanjutan Liga Inggris 2024/2025 di Old Trafford, Minggu (29/9/2024) pukul 22.30 WIB. Pertandingan bisa disaksikan langsung melalui Vidio.",https://www.liputan6.com/bola/read/5713981/prediksi-liga-inggris-manchester-united-vs-tottenham-hotspur-sama-sama-butuh-menang
"Nasihat Syekh Ali Jaber, Cara Efektif Redakan Kemarahan",Islami,Liputan6.com,"29 Sep 2024, 08:30 WIB",Syekh Ali Jaber menyarankan agar orang-orang yang mudah marah untuk tidak berbicara sama sekali saat emosi sedang memuncak.,https://www.liputan6.com/islami/read/5713878/nasihat-syekh-ali-jaber-cara-efektif-redakan-kemarahan
Harga Kripto Hari Ini 29 September 2024: Bitcoin Masih Parkir di Zona Hijau,Crypto,Gagas Yoga Pratomo,"29 Sep 2024, 08:28 WIB","Harga kripto jajaran teratas bergerak di zona merah pada Minggu, 29 September 2024. Di sisi lain, harga bitcoin menguat 0,2 persen.",https://www.liputan6.com/crypto/read/5714168/harga-kripto-hari-ini-29-september-2024-bitcoin-masih-parkir-di-zona-hijau
"5 Zodiak yang Sering Merasa Paling Tersakiti, Kamu Termasuk?",Hot,Ricka Milla Suatin,"29 Sep 2024, 08:27 WIB","Ternyata, berdasarkan zodiak, ada beberapa karakter yang lebih sensitif dan cenderung merasa lebih tersakiti.",https://www.liputan6.com/hot/read/5713443/5-zodiak-yang-sering-merasa-paling-tersakiti-kamu-termasuk
Cuaca Besok Senin 30 September 2024: Langit Pagi Jakarta Seluruhnya Berawan Tebal,Peristiwa,Nasrul Faiz,"29 Sep 2024, 08:20 WIB","Pagi hari di Jakarta besok, Senin, 30 September 2024, seluruh langitnya diprakirakan berawan tebal, tanpa terkecuali. Demikianlah prediksi cuaca besok.",https://www.liputan6.com/news/read/5714160/cuaca-besok-senin-30-september-2024-langit-pagi-jakarta-seluruhnya-berawan-tebal
"Gedung Bakamla RI Kebakaran, 19 Mobil Damkar dan 95 Personel Dikerahkan",Peristiwa,Nanda Perdana Putra,"29 Sep 2024, 08:04 WIB","Kebakaran melanda Gedung Bakamla RI di Jalan Proklamasi, Pegangsaan, Menteng, Jakarta Pusat, pada Minggu (29/9/2024) pagi. Sebanyak 19 unit mobil pemadam kebakaran dan 95 personel dikerahkan untuk menangani insiden ini.",https://www.liputan6.com/news/read/5714178/gedung-bakamla-ri-kebakaran-19-mobil-damkar-dan-95-personel-dikerahkan
4 Zodiak yang Bergulat dengan Keraguan Diri dalam Hubungan,Citizen6,Yulia Lisnawati,"29 Sep 2024, 08:03 WIB","Bagi beberapa zodiak, keraguan diri dalam hubungan seringkali menjadi tantangan yang harus dihadapi.",https://www.liputan6.com/citizen6/read/5713871/4-zodiak-yang-bergulat-dengan-keraguan-diri-dalam-hubungan
"Tanggapi Gerakan Coblos 3 Paslon, KPU Minta Pemilih Bijak Gunakan Hak Pilihnya",Pemilu,Muhammad Radityo Priyasmoro,"29 Sep 2024, 08:02 WIB","Komisioner KPU Jakarta, Dodi Wijaya mengajak semua elemen masyarakat untuk ikut terlibat aktif mensukseskan Pilkada 2024.",https://www.liputan6.com/pemilu/read/5714170/tanggapi-gerakan-coblos-3-paslon-kpu-minta-pemilih-bijak-gunakan-hak-pilihnya
Megawati Berharap Agar TIM Terus Dikembangkan Sebagai Pusat Kebudayaan,Politik,Putu Merta Surya Putra,"29 Sep 2024, 08:00 WIB",Pesiden Kelima RI Megawati Soekarnoputri mendorong agar kompleks Taman Ismail Marzuki (TIM) terus dikembangkan sebagai pusat seni budaya dalam rangka melestarikan budaya Nusantara.,https://www.liputan6.com/news/read/5714131/megawati-berharap-agar-tim-terus-dikembangkan-sebagai-pusat-kebudayaan
Top 3: Ketua Kadin Diumumkan Senin 30 September 2024?,Ekonomi,Septian Deny,"29 Sep 2024, 08:00 WIB","Artikel Anindya Bakrie dan Arsjad Rasjid Bertemu, Nasib Ketua Kadin Diumumkan Senin 30 September 2024 ini menyita perhatian pembaca di Kanal Bisnis Liputan6.com.",https://www.liputan6.com/bisnis/read/5713985/top-3-ketua-kadin-diumumkan-senin-30-september-2024
Prediksi Timnas Indonesia vs Yaman di Kualifikasi Piala Asia U-20 2025: Tembok Terakhir Ga...,Liga Indonesia,Theresia Melinda Indrasari,"29 Sep 2024, 08:00 WIB","Timnas Indonesia U-20 bakal menantang Yaman dalam laga ketiga Grup F Kualifikasi Piala Asia U-20 2025 di Stadion Madya Gelora Bung Karno (GBK) Senayan, Minggu (29/9/2024) pukul 19.30 WIB.",https://www.liputan6.com/bola/read/5713849/prediksi-timnas-indonesia-vs-yaman-di-kualifikasi-piala-asia-u-20-2025-tembok-terakhir-garuda-muda
"ChatGPT Kini Bisa Diajak Ngobrol, Fitur Baru untuk Pengguna Premium",Apps,Dinda Ariyani,"29 Sep 2024, 08:00 WIB",OpenAI telah meluncurkan fitur suara interaktif bagi pengguna ChatGPT premium untuk menikmati pengalaman percakapan lebih natural dan imersif.,https://www.liputan6.com/tekno/read/5711861/chatgpt-kini-bisa-diajak-ngobrol-fitur-baru-untuk-pengguna-premium
"6 Resep Kue Sagon yang Gurih dan Manis, Camilan Jadul dari Kelapa",Hot,Ayu Rifka Sitoresmi,"29 Sep 2024, 08:00 WIB",Kue sagon merupakan salah satu kudapan tradisional Indonesia yang telah lama dikenal dan disukai oleh berbagai kalangan.,https://www.liputan6.com/hot/read/5711977/6-resep-kue-sagon-yang-gurih-dan-manis-camilan-jadul-dari-kelapa
Gatal di Kemaluan Tanda Diabetes? Waspadai Gejala Ini Sebelum Terlambat!,Health Info,Aditya Eka Prawira,"29 Sep 2024, 08:00 WIB",Waspada! Gatal di Kemaluan Bisa Jadi Tanda Awal Diabetes! Jangan anggap remeh gejala ini.,https://www.liputan6.com/health/read/5713845/gatal-di-kemaluan-tanda-diabetes-waspadai-gejala-ini-sebelum-terlambat
"Parade 7 Anime Anyar di Vidio, Ada Haikyuu!! Sampai Detective Conan Episode 1.066 ke Atas",Film,Ratnaning Asih,"29 Sep 2024, 08:00 WIB",Berikut link nonton anime terbaru yang tayang di Vidio.,https://www.liputan6.com/showbiz/read/5713667/parade-7-anime-anyar-di-vidio-ada-haikyuu-sampai-detective-conan-episode-1066-ke-atas
"Gedung Bakamla RI Kebakaran, Api Meluas di Bagian Atap",Peristiwa,Nanda Perdana Putra,"29 Sep 2024, 07:31 WIB","Kepala Dinas Gulkarmat DKI Jakarta Satriadi Gunawan menyampaikan, peristiwa itu terjadi sekitar pukul 06.20 WIB pagi ini, Minggu (29/9/2024).",https://www.liputan6.com/news/read/5714166/gedung-bakamla-ri-kebakaran-api-meluas-di-bagian-atap
"Gandeng Korea Selatan dan Belanda, Indonesia Susun Strategi Pembangunan Berkelanjutan Pant...",Ekonomi,Agustina Melani,"29 Sep 2024, 07:30 WIB",Pemerintah Indonesia berkomitmen untuk melindungi dan mengelola keberlanjutan Pantura Jawa.,https://www.liputan6.com/bisnis/read/5714159/gandeng-korea-selatan-dan-belanda-indonesia-susun-strategi-pembangunan-berkelanjutan-pantura-jawa
Bisakah Manusia Tetap Dicintai Allah meskipun Sering Berbuat Dosa?,Islami,Putry Damayanty,"29 Sep 2024, 07:30 WIB","Tidak ada manusia yang bebas dari dosa, namun Allah sungguh mencintai orang-orang yang mau kembali kepada-Nya dengan bertaubat.",https://www.liputan6.com/islami/read/5713687/bisakah-manusia-tetap-dicintai-allah-meskipun-sering-berbuat-dosa
"7 Ramalan Asmara Shio Babi Tahun 2024, Bersiaplah Temukan Cinta di Tempat Tak Terduga!",Hot,Ricka Milla Suatin,"29 Sep 2024, 07:28 WIB","Tahun 2024 diprediksi akan menjadi tahun penuh kejutan dan perubahan bagi mereka yang ber-Shio Babi, terutama dalam hal percintaan.",https://www.liputan6.com/hot/read/5713454/7-ramalan-asmara-shio-babi-tahun-2024-bersiaplah-temukan-cinta-di-tempat-tak-terduga
Kapolri Pimpin Pelantikan Sejumlah Kapolda dan Kukuhkan 2 Jabatan Baru di Polri,Peristiwa,Tim News,"29 Sep 2024, 07:21 WIB","Sigit melantik dua pejabat baru, yakni Komjen Pol Verdianto Iskandar Bitticaca sebagai Astamaops dan Komjen Pol Wahyu Hadiningrat sebagai Astamarena.",https://www.liputan6.com/news/read/5714146/kapolri-pimpin-pelantikan-sejumlah-kapolda-dan-kukuhkan-2-jabatan-baru-di-polri
"Akhir Pekan Minggu 29 September 2024, Tak Ada Aturan Ganjil Genap di Jakarta",Peristiwa,Nasrul Faiz,"29 Sep 2024, 07:00 WIB","Kebijakan ganjil genap di Jakarta memang tidak berlaku pada akhir pekan, yaitu Sabtu dan Minggu, serta pada hari libur nasional dan tanggal merah.",https://www.liputan6.com/news/read/5714148/akhir-pekan-minggu-29-september-2024-tak-ada-aturan-ganjil-genap-di-jakarta
"7 Potret Angga Yunanda dan Shenina Cinnamon Pacaran Sambil Kerja, Bak Prewed",Hot,Ibrahim Hasan,"29 Sep 2024, 07:00 WIB",Angga Yunanda dan Shenina Cinnamon diduga prewedding.,https://www.liputan6.com/hot/read/5713631/7-potret-angga-yunanda-dan-shenina-cinnamon-pacaran-sambil-kerja-bak-prewed
Luca Marini dan Joan Mir Puji Perkembangan Pembalap Muda Indonesia,Sports,Thomas,"29 Sep 2024, 07:00 WIB",Dua pembalap MotoGP memuji perkembangan para pembalap muda Indonesia dan berharap mereka bisa berkembang hingga menembus kelas para raja.,https://www.liputan6.com/bola/read/5713957/luca-marini-dan-joan-mir-puji-perkembangan-pembalap-muda-indonesia
Review: Manisnya Parfum Lokal PERFUME REPUBLIC Beraroma Permen YUPI,Lifestyle,Asnida Riani,"29 Sep 2024, 07:00 WIB",Dua varian parfum PERFUME REPUBLIC X YUPI diformulasikan untuk menghadirkan kembali kenangan masa kecil yang indah dan penuh kegembiraan.,https://www.liputan6.com/lifestyle/read/5713585/review-manisnya-parfum-lokal-perfume-republic-beraroma-permen-yupi
"Link Nonton Drakor Iron Family yang Tayang Tiap Minggu dan Senin di Vidio, Geum Sae Rok Ja...",K-Pop,Ratnaning Asih,"29 Sep 2024, 07:00 WIB",Iron Family akan mulai tayang di Vidio pada 29 September mendatang.,https://www.liputan6.com/showbiz/read/5713064/link-nonton-drakor-iron-family-yang-tayang-tiap-minggu-dan-senin-di-vidio-geum-sae-rok-jadi-penerus-usaha-laundry
"Hari Hak untuk Tahun Sedunia, Komisi Informasi Pusat Gelar Fun Walk di CFD Sudirman-Thamri...",Peristiwa,Nanda Perdana Putra,"29 Sep 2024, 06:46 WIB","Komisi Informasi Pusat memperingati Hari Hak Untuk Tahu Sedunia dengan menggelar  fun walk di car free day (CFD) Jalan Sudirman-Thamrin, Jakarta.",https://www.liputan6.com/news/read/5714153/hari-hak-untuk-tahun-sedunia-komisi-informasi-pusat-gelar-fun-walk-di-cfd-sudirman-thamrin
"Top 3 Islami: Amalan Pendek agar Rezeki Lancar dan Dijawab Malaikat dari Gus Baha, Doa Sub...",Islami,Muhamad Ridlo,"29 Sep 2024, 06:30 WIB","Top 3 Islami: Amalan Pendek dan Mudah agar Rezeki Mengalir Deras dari Gus Baha, Doa Subuh supaya Semangat Beraktivitas",https://www.liputan6.com/islami/read/5713905/top-3-islami-amalan-pendek-agar-rezeki-lancar-dan-dijawab-malaikat-dari-gus-baha-doa-subuh-supaya-semangat-beraktivitas
"5 Zodiak yang Terkenal Sangat Hemat, Bahkan untuk Keperluan Pribadi",Hot,Ricka Milla Suatin,"29 Sep 2024, 06:28 WIB","Jika dikaitkan dengan kepribadian astrologi, ada lima zodiak yang dikenal sangat hemat dalam membelanjakan uang, bahkan untuk kebutuhan pribadi mereka.",https://www.liputan6.com/hot/read/5713442/5-zodiak-yang-terkenal-sangat-hemat-bahkan-untuk-keperluan-pribadi
Cuaca Hari Ini Minggu 29 September 2024: Langit Pagi Jakarta Seluruhnya Cerah Berawan,Peristiwa,Arviola Marchsyalina Syurgandari,"29 Sep 2024, 06:15 WIB","Pada akhir pekan ini, Minggu (29/9/2024), cuaca pagi di wilayah Jakarta dan Kepulauan Seribu, diperkirakan akan didominasi oleh langit cerah berawan. Demikianlah prakiraan cuaca hari ini.",https://www.liputan6.com/news/read/5713884/cuaca-hari-ini-minggu-29-september-2024-langit-pagi-jakarta-seluruhnya-cerah-berawan
"Posisi 3 di Sprint Race MotoGP Indonesia 2024, Marc Marquez Dapat Tambahan Poin Penting",Oto News,Septian Pamungkas,"29 Sep 2024, 06:08 WIB","Start dari posisi 12, Marc Marquez mampu menuntaskan balapan di posisi tiga (3) di MotoGP Indonesia 2024.",https://www.liputan6.com/otomotif/read/5714000/posisi-3-di-sprint-race-motogp-indonesia-2024-marc-marquez-dapat-tambahan-poin-penting
Momen Pramono Anung Dicurhati Warga Jakarta Saat Blusukan di Rusun Tanah Tinggi,Pemilu,Putu Merta Surya Putra,"29 Sep 2024, 06:00 WIB","Calon Gubernur Jakarta Pramono Anung menyempatkan blusukan dan menemui warga di Rumah Susun (Rusun) Tanah Tinggi, Jakarta, Sabtu (28/9/2024).",https://www.liputan6.com/pemilu/read/5714132/momen-pramono-anung-dicurhati-warga-jakarta-saat-blusukan-di-rusun-tanah-tinggi
Saham Trump Media Naik 5% Usai Para Pendiri Lakukan Aksi Jual,Saham,Pipit Ika Ramadhani,"29 Sep 2024, 06:00 WIB","Saham Trump Media (Nasdaq:DJT) ditutup naik 5,58% pada hari Jumat waktu setempat, mengakhiri pekan ini pada posisi 14,76 per saham. Kenaikan terjadi setelah pemegang saham utama United Atlantic Ventures (UAV), LLC, menjual hampir 11 juta saham di perusahaan tersebut pada hari Kamis.",https://www.liputan6.com/saham/read/5713962/saham-trump-media-naik-5-usai-para-pendiri-lakukan-aksi-jual
Harga Bitcoin Tunjukan Korelasi Positif 30 Hari dengan Neraca Keuangan Bank Sentral China,Crypto,Maulandy Rizky Bayu Kencana,"29 Sep 2024, 06:00 WIB","Harga Bitcoin (BTC) terlihat selalu mengikuti pertumbuhan neraca bank sentral China selama 8 tahun terakhir, mempertahankan korelasi positif 30 hari yang signifikan.",https://www.liputan6.com/crypto/read/5713524/harga-bitcoin-tunjukan-korelasi-positif-30-hari-dengan-neraca-keuangan-bank-sentral-china
"Manchester United Pernah Tawar Wonderkid Barcelona Rp1,6 Triliun, Beruntung Ditolak",Liga Spanyol,Rahmat Fathurahman,"29 Sep 2024, 06:00 WIB","Manchester United dikabarkan pernah mengajukan tawaran senilai sekitar 84 juta poundsterling atau sekitar Rp1,6 triliun yang memboyong wonderkid Barcelona, Ansu Fati, pada 2020.",https://www.liputan6.com/bola/read/5712184/manchester-united-pernah-tawar-wonderkid-barcelona-rp16-triliun-beruntung-ditolak
"Mengintip Daya Tarik Wisata Kajer Asri, Tempat Rekreasi Menarik di Jember",Regional,Natasa Kumalasah Putri,"29 Sep 2024, 06:00 WIB","Wisata Kajer Asri merupakan spot rekreasi yang cukup populer di Jember. Tempat ini sering dikunjungi sebagai tempat berkumpul atau berkegiatan anak sekolah, komunitas, hingga keluarga.",https://www.liputan6.com/regional/read/5711736/mengintip-daya-tarik-wisata-kajer-asri-tempat-rekreasi-menarik-di-jember
Apakah Gatal di Kemaluan Tanda Diabetes? Simak Faktanya di Sini!,Health Info,Aditya Eka Prawira,"29 Sep 2024, 06:00 WIB",Gatal di Kemaluan? Waspada! Bisa jadi tanda infeksi jamur atau bahkan diabetes tipe 2. Kenali gejalanya sebelum terlambat!,https://www.liputan6.com/health/read/5713825/apakah-gatal-di-kemaluan-tanda-diabetes-simak-faktanya-di-sini
29 September 1979: Paus Yohanes Paulus II Serukan Perdamaian di Irlandia,Histori,Teddy Tri Setio Berty,"29 Sep 2024, 06:00 WIB","Dalam kunjungannya ke Irlandia, Paus Yohanes Paulus II menyerukan pesan perdamaian. Ia sampaikan hal itu ke hadapan 300 ribu orang.",https://www.liputan6.com/global/read/5713787/29-september-1979-paus-yohanes-paulus-ii-serukan-perdamaian-di-irlandia
"3 Resep Praktis Siomai Kriwil, Camilan Lezat Favorit dengan Tekstur Kenyal",Culinary,Dyah Ayu Pamela,"29 Sep 2024, 06:00 WIB","Bentuk siomai kriwil terbilang unik dan menciptakan sensasi tersendiri. Apalagi dengan tekstur kenyal dan aroma ikan tenggiri yang menggoda, menjadikan camilan ini jadi favorit.",https://www.liputan6.com/lifestyle/read/5713746/3-resep-praktis-siomai-kriwil-camilan-lezat-favorit-dengan-tekstur-kenyal
"Kisah Nabi Khidir Menolak Nabi Musa sebagai Murid, Kenapa?",Islami,Putry Damayanty,"29 Sep 2024, 05:30 WIB",Mengambil hikmah dari kisah Nabi Musa yang ingin berguru pada Nabi Khidir. Kisah ini sangat menarik dan mengandung banyak pelajaran.,https://www.liputan6.com/islami/read/5713896/kisah-nabi-khidir-menolak-nabi-musa-sebagai-murid-kenapa
LRT Jakarta Velodrome-Rawamangun Siap Uji Coba Jalur pada Senin 30 September,Megapolitan,Muhammad Ali,"29 Sep 2024, 05:26 WIB","Dian menyatakan, proyek pembangunan LRT Jakarta Fase 1B terus menunjukkan perkembangan signifikan. Hingga pekan ketiga September 2024, konstruksi berhasil mencapai 29, 17 persen.",https://www.liputan6.com/news/read/5713895/lrt-jakarta-velodrome-rawamangun-siap-uji-coba-jalur-pada-senin-30-september
Wamenaker Menilai Peningkatan SDM Diperlukan untuk Memperluas Kesempatan Kerja,Peristiwa,Tim News,"29 Sep 2024, 05:11 WIB","Menurut Afriansyah, bonus demografi yang dihadapi Indonesia harus dimanfaatkan untuk memperkuat SDM yang ada sehingga mereka bisa mengikuti program pemerintah terkait perluasan kesempatan kerja ke luar negeri.",https://www.liputan6.com/news/read/5714179/wamenaker-menilai-peningkatan-sdm-diperlukan-untuk-memperluas-kesempatan-kerja
"Mengintip Studio Alam Gamplong, Wisata Menarik yang Sering Jadi Lokasi Syuting di Jogja",Regional,Natasa Kumalasah Putri,"29 Sep 2024, 05:00 WIB",Studio Alam Gamplong dikenal sebagai destinasi wisata menarik untuk dikunjungi bersama keluarga. Tempat ini juga dikenal dengan sejumlah bangunan unik yang biasa jadi lokasi syuting film Indonesia.,https://www.liputan6.com/regional/read/5713220/mengintip-studio-alam-gamplong-wisata-menarik-yang-sering-jadi-lokasi-syuting-di-jogja
"Meriahkan MotoGP Mandalika 2024, Pecinta Motor Honda Turing dengan PCX160",Sports,Thomas,"29 Sep 2024, 05:00 WIB",Turing dilakukan dari Sembalun menuju Sirkuit Mandalika. Peserta menggunkana motor PCX 160.,https://www.liputan6.com/bola/read/5713928/meriahkan-motogp-mandalika-2024-pecinta-motor-honda-turing-dengan-pcx160
"Gambaran Meminta kepada Allah, Ini Cara Doa Terbaik Menurut Buya Yahya",Islami,Liputan6.com,"29 Sep 2024, 04:30 WIB","Buya Yahya melanjutkan, banyak orang lebih fokus meminta hal-hal materi tanpa memperhatikan aspek penting lainnya dalam hidup, seperti kesehatan.",https://www.liputan6.com/islami/read/5713870/gambaran-meminta-kepada-allah-ini-cara-doa-terbaik-menurut-buya-yahya
"Mentan Amran Dijuluki Bapak Tani Modern, Ini Alasannya",Peristiwa,Muhammad Radityo Priyasmoro,"29 Sep 2024, 04:10 WIB",Pengembangan pertanian Indonesia telah berada pada track yang optimal di bawah kepemimpinan Amran sebagai Menteri Pertanian,https://www.liputan6.com/news/read/5714173/mentan-amran-dijuluki-bapak-tani-modern-ini-alasannya
"Nutrisi Penting di 1.000 Hari Pertama Kehidupan Anak Buat Mencegah Stunting dan Anemia, Sa...",Lifestyle,Henry,"29 Sep 2024, 04:00 WIB","Satu dari tiga anak di Indonesia mengalami anemia dan stunting, yang bisa dicegah melalui pemenuhan nutrisi seimbang, termasuk zat besi dan vitamin C.",https://www.liputan6.com/lifestyle/read/5714137/nutrisi-penting-di-1000-hari-pertama-kehidupan-anak-buat-mencegah-stunting-dan-anemia-salah-satunya-ikan-kembung
"Sedang Dilakukan Pendataan, Pemerintah Siapkan Bantuan Rumah Rusak Akibat Gempa di Kabupat...",Jawa Barat,Arie Nugraha,"29 Sep 2024, 04:00 WIB","BPBD Jabar mencatat sebanyak 722 rumah mengalami rusak berat, 902 rumah rusak sedang dan 2.949 alami rusak ringan",https://www.liputan6.com/regional/read/5711926/sedang-dilakukan-pendataan-pemerintah-siapkan-bantuan-rumah-rusak-akibat-gempa-di-kabupaten-bandung-dan-garut
"Baru Sadar Kurang Rakaat Sholat setelah Salam, Bagaimana? Ini Kata Gus Baha",Islami,Muhamad Husni Tamami,"29 Sep 2024, 03:30 WIB","Jika seseorang dengan sengaja mengurangi atau melebihi bilangan rakaat tersebut, maka sholatnya tidak akan sah. Otomatis harus diulang untuk menggugurkan kewajibannya.",https://www.liputan6.com/islami/read/5713922/baru-sadar-kurang-rakaat-sholat-setelah-salam-bagaimana-ini-kata-gus-baha
Dahnil Soal Pertemuan Prabowo dengan Megawati: Sebelum Pelantikan Presiden,Politik,Muhammad Ali,"29 Sep 2024, 03:25 WIB",Ia menyebutkan nantinya Prabowo dan Megawati bakal berdiskusi mengenai berbagai agenda ke depan yang akan dijalankan seputar pembangunan Indonesia.,https://www.liputan6.com/news/read/5713882/dahnil-soal-pertemuan-prabowo-dengan-megawati-sebelum-pelantikan-presiden
Petani Coklat Palolo Sepenuh Hati Menangkan Anwar-Reny di Pilgub Sulteng,Pemilu,Tim News,"29 Sep 2024, 03:21 WIB","Abidin memandang, hanya Anwar Hafid yang memiliki program khusus untuk para petani.",https://www.liputan6.com/pemilu/read/5714143/petani-coklat-palolo-sepenuh-hati-menangkan-anwar-reny-di-pilgub-sulteng
"Faktor-Faktor Utama di Balik Maraknya Kasus Pelecehan Seksual, Apa Saja?",Sumatera,Novia Harlina,"29 Sep 2024, 03:00 WIB","Pelecehan seksual adalah masalah kompleks yang dipengaruhi oleh berbagai faktor sosial, budaya, hukum, dan struktural.",https://www.liputan6.com/regional/read/5711918/faktor-faktor-utama-di-balik-maraknya-kasus-pelecehan-seksual-apa-saja
"Jadwal Sholat DKI Jakarta, Jawa dan Seluruh Indonesia Hari Ini Minggu 29 September 2024",Islami,Muhamad Ridlo,"29 Sep 2024, 02:30 WIB","Jadwal sholat hari ini, Minggu 29 September 2024, untuk wilayah DKI Jakarta, Banten, Jawa Barat, Jawa Tengah, DI Yogyakarta, Jawa Timur, dan seluruh Indonesia",https://www.liputan6.com/islami/read/5713924/jadwal-sholat-dki-jakarta-jawa-dan-seluruh-indonesia-hari-ini-minggu-29-september-2024
BMKG: Waspadai Puting Beliung dan Hujan Lebat di Jawa Tengah pada Oktober,Peristiwa,Muhammad Ali,"29 Sep 2024, 02:17 WIB",Dia mengatakan prakiraan awal musim hujan untuk wilayah Banyumas secara umum terjadi pada dasarian (10 hari) pertama Oktober,https://www.liputan6.com/news/read/5713888/bmkg-waspadai-puting-beliung-dan-hujan-lebat-di-jawa-tengah-pada-oktober
Pemilihan Putra Putri Batik Nusantara 2024 Masuk Tahap Audisi 48 Finalis,Lifestyle,Dyah Ayu Pamela,"29 Sep 2024, 02:00 WIB",Dari 224 pendaftar calon peserta Pemilihan Putra Putri Batik Nusantara 2024 akhirnya telah terpilih 48 finalis.,https://www.liputan6.com/lifestyle/read/5713911/pemilihan-putra-putri-batik-nusantara-2024-masuk-tahap-audisi-48-finalis
Momen Megawati Habiskan Malam Minggu Nonton Teater di TIM,Peristiwa,Putu Merta Surya Putra,"29 Sep 2024, 01:35 WIB","Presiden Kelima RI Megawati Soekarnoputri menonton pertunjukan Teater Indonesia Kita dengan Lakon ""Si Manis Jembatan Merah"" di Teater Besar Taman Ismail Marzuki (TIM), Jakarta, Sabtu (28/9/2024) malam.",https://www.liputan6.com/news/read/5714130/momen-megawati-habiskan-malam-minggu-nonton-teater-di-tim
"Hanya 15 Menit Bikin Doa Cepat Terkabul, UAH Ungkap Rahasia Waktu Mustajab Ini",Islami,Liputan6.com,"29 Sep 2024, 01:30 WIB","Menurut Ustadz Adi Hidayat (UAH), waktu yang dimaksud adalah menjelang subuh, tepatnya sekitar 15 hingga 20 menit sebelum masuknya waktu subuh.",https://www.liputan6.com/islami/read/5713751/hanya-15-menit-bikin-doa-cepat-terkabul-uah-ungkap-rahasia-waktu-mustajab-ini
PDIP Turunkan Tim Pengawas Siluman untuk Pantau Kader di Pilkada 2024,Sumatera,Ardi Munthe,"29 Sep 2024, 01:00 WIB","Dewan Pimpinan Pusat (DPP) Partai Demokrasi Indonesia Perjuangan (PDIP) mengerahkan tim pengawas yang disebut ""tim siluman"" untuk memantau kader yang tidak mendukung calon dari PDIP dalam Pemilihan Kepala Daerah (Pilkada) Lampung 2024.",https://www.liputan6.com/regional/read/5713735/pdip-turunkan-tim-pengawas-siluman-untuk-pantau-kader-di-pilkada-2024
"Menuju Pasar Global, Produk Pertanian Organik Penting Penuhi Standar Sertifikasi",Ekonomi,Pipit Ika Ramadhani,"28 Sep 2024, 22:04 WIB","Untuk memastikan produk pertanian organik Indonesia dapat bersaing di pasar global, penting bagi para petani untuk memenuhi standar sertifikasi organik yang dikeluarkan oleh lembaga sertifikasi terakreditasi.",https://www.liputan6.com/bisnis/read/5713943/menuju-pasar-global-produk-pertanian-organik-penting-penuhi-standar-sertifikasi
Pertamina Patra Niaga dan Mandiri Luncurkan Kartu Kredit Co-Brand MyPertamina,Bank,Tira Santia,"28 Sep 2024, 21:51 WIB",Kartu Kredit Co-brand MyPertamina yang dibuat khusus bagi para pencinta otomotif bekerjasama dengan Bank Mandiri yang diberi nama Mandiri MyPertamina Card.,https://www.liputan6.com/bisnis/read/5713935/pertamina-patra-niaga-dan-mandiri-luncurkan-kartu-kredit-co-brand-mypertamina
"Perang Dagang AS Lawan China Berlanjut, Sekarang Rambah Produk Fesyen",Bisnis,Elyza Binta Chabibillah,"28 Sep 2024, 19:00 WIB","China sedang menyelidiki perusahaan PVH, pemilik merek Calvin Klein dan Tommy Hilfiger, terkait dugaan tindakan diskriminatif terhadap kapas Xinjiang.",https://www.liputan6.com/bisnis/read/5711082/perang-dagang-as-lawan-china-berlanjut-sekarang-rambah-produk-fesyen
Menteri AHY Meresmikan Program Perbaikan Rumah dan Konsolidasi Tanah Vertikal Rumah Susun ...,Peristiwa,Gilar Ramdhani,"28 Sep 2024, 18:04 WIB","Pj. Gubernur DKI Jakarta, Heru Budi Hartono dalam kesempatan yang sama menerangkan, lokasi ini merupakan lokasi Program Perbaikan Rumah dan Konsolidasi Tanah Vertikal kedua setelah sebelumnya dilakukan di Palmerah.",https://www.liputan6.com/news/read/5713842/menteri-ahy-meresmikan-program-perbaikan-rumah-dan-konsolidasi-tanah-vertikal-rumah-susun-cinta-damai-jakpus
60 UMKM Binaan Pertamina di Pertamina Grand Prix of Indonesia 2024 Curi Perhatian Wisatawa...,Ekonomi,Maulandy Rizky Bayu Kencana,"28 Sep 2024, 16:06 WIB",Rangkaian acara Pertamina Grand Prix of Indonesia menampilkan kekayaan budaya dan kreativitas lokal yang memikat wisatawan.,https://www.liputan6.com/bisnis/read/5713796/60-umkm-binaan-pertamina-di-pertamina-grand-prix-of-indonesia-2024-curi-perhatian-wisatawan
"Apresiasi Para Petani Lokal, Program Optimasi Lahan Rawa di Merauke Tunjukkan Perkembangan...",Ekonomi,Wuri Anggarini,"28 Sep 2024, 15:07 WIB",Program yang dilakukan oleh para petani di Merauke mampu memberikan perkembangan signifikan lewat produktivitas yang meningkat.,https://www.liputan6.com/bisnis/read/5713761/apresiasi-para-petani-lokal-program-optimasi-lahan-rawa-di-merauke-tunjukkan-perkembangan-signifikan
XL Bebas Puas Solusi Praktis Internetan Tanpa Takut Kuota dan Masa Aktif Habis,Tech News,Gilar Ramdhani,"28 Sep 2024, 09:00 WIB",Paket XL Bebas Puas bisa menjadi solusi praktis internetan tanpa takut kuota dan masa aktif habis.,https://www.liputan6.com/tekno/read/5712389/xl-bebas-puas-solusi-praktis-internetan-tanpa-takut-kuota-dan-masa-aktif-habis
Tebar Diskon dari MyPertamina di Pertamina Grand Prix of Indonesia 2024,Ekonomi,Tira Santia,"27 Sep 2024, 21:37 WIB",Pertamina juga gencar mendorong pemakaian Aplikasi MyPertamina dengan memberikan banyak keuntungan dan diskon menarik di Pertamina Grand Prix of Indonesia 2024 .,https://www.liputan6.com/bisnis/read/5713297/tebar-diskon-dari-mypertamina-di-pertamina-grand-prix-of-indonesia-2024
"110 Senator Dukung Sultan B Najamudin Jadi Ketua DPD RI Periode 2024-2029, Bakal Menang Ak...",Peristiwa,Tim News,"27 Sep 2024, 20:01 WIB",Sebanyak 110 anggota DPD RI mendeklarasikan dukungan kepada Wakil Ketua DPD RI 2019-2024 Sultan B Najamudin untuk menjadi Ketua DPD RI selanjutnya di periode 2024-2029 yang akan dimulai pada 1 Oktober setelah pelantikan.,https://www.liputan6.com/news/read/5713638/110-senator-dukung-sultan-b-najamudin-jadi-ketua-dpd-ri-periode-2024-2029-bakal-menang-aklamasi
"Disdik Jakarta Buat Pelatihan Citizen Journalism di SMA, Dorong Gen Z Aktif Ciptakan Konte...",Peristiwa,Tim News,"27 Sep 2024, 19:16 WIB","Ratusan siswa SMA yang mewakili gen Z mengikuti pelatihan citizen journalism dan pembuatan konten edukatif yang dilaksanakan PT Jakarta Infrastruktur Propertindo (JIP), Warta Kota Mengajar, dan Dinas Pendidikan (Disdik) Provinsi Jakarta.",https://www.liputan6.com/news/read/5713494/disdik-jakarta-buat-pelatihan-citizen-journalism-di-sma-dorong-gen-z-aktif-ciptakan-konten-edukatif
